AED設置場所名称,よみ,住所,経度,緯度,利用開始時間,利用終了時間,設置位置,注意事項,URL,備考
京都府庁,きょうとふちょう,京都市上京区下立売通新町西入薮ノ内町,135.7550451,35.02086531,,,1号館1階ロビー,,,
京都府庁,きょうとふちょう,京都市上京区下立売通新町西入薮ノ内町,135.7561522,35.0215175,,,3号館1階ロビー,,,
京都府庁福利厚生センター,きょうとふちょうふくりこうせいせんたー,京都市上京区下立売通新町西入薮ノ内町,135.7550632,35.02208773,,,１階ロビー,,,
府立医科大学,ふりついかだいがく,京都市上京区河原町通広小路上ル梶井町465,135.7699491,35.02387761,,,病棟１階エレベーターホール,,,
府立医科大学,ふりついかだいがく,京都市上京区河原町通広小路上ル梶井町465,135.7699491,35.02387761,,,病棟２階エレベーターホール,,,
府立医科大学,ふりついかだいがく,京都市上京区河原町通広小路上ル梶井町465,135.7699491,35.02387761,,,病棟３階エレベーターホール,,,
府立医科大学,ふりついかだいがく,京都市上京区河原町通広小路上ル梶井町465,135.7699491,35.02387761,,,病棟４階エレベーターホール,,,
府立医科大学,ふりついかだいがく,京都市上京区河原町通広小路上ル梶井町465,135.7699491,35.02387761,,,病棟５階エレベーターホール,,,
府立医科大学,ふりついかだいがく,京都市上京区河原町通広小路上ル梶井町465,135.7699491,35.02387761,,,病棟６階エレベーターホール,,,
府立医科大学,ふりついかだいがく,京都市上京区河原町通広小路上ル梶井町465,135.7699491,35.02387761,,,病棟７階エレベーターホール,,,
府立医科大学,ふりついかだいがく,京都市上京区河原町通広小路上ル梶井町465,135.7699491,35.02387761,,,病棟８階エレベーターホール,,,
府立医科大学,ふりついかだいがく,京都市上京区河原町通広小路上ル梶井町465,135.7699491,35.02387761,,,病棟地下１階エレベーターホール,,,
府立医科大学,ふりついかだいがく,京都市上京区河原町通広小路上ル梶井町465,135.7699491,35.02387761,,,外来新棟１階,,,
府立医科大学,ふりついかだいがく,京都市上京区河原町通広小路上ル梶井町465,135.7699491,35.02387761,,,外来新棟２階,,,
府立医科大学,ふりついかだいがく,京都市上京区河原町通広小路上ル梶井町465,135.7699491,35.02387761,,,外来新棟３階,,,
府立医科大学,ふりついかだいがく,京都市上京区河原町通広小路上ル梶井町465,135.7699491,35.02387761,,,外来新棟４階,,,
府立医科大学,ふりついかだいがく,京都市上京区河原町通広小路上ル梶井町465,135.7699491,35.02387761,,,救急外来,,,
府立医科大学,ふりついかだいがく,京都市上京区河原町通広小路上ル梶井町465,135.7699491,35.02387761,,,リハビリテーション部,,,
府立医科大学,ふりついかだいがく,京都市上京区河原町通広小路上ル梶井町465,135.7699491,35.02387761,,,25号　ナースステーション内,,,
府立医科大学,ふりついかだいがく,京都市上京区河原町通広小路上ル梶井町465,135.7699491,35.02387761,,,こども病院５階,,,
京都府立医科大学附属図書館・合同講義棟,ふりついかだいがくふぞくとしょかんごうどうこうぎとう,京都市上京区広小路通河原町西入,135.7686515,35.02368502,,,1階ロビー奥（法人本部南壁面）,,,
府立府民ホール,ふりつふみんほーる,京都市上京区烏丸通一条下ル龍前町590-1,135.7589657,35.02550418,,,1階府民ロビー,,,
府立文化芸術会館,ふりつぶんかげいじゅつかいかん,京都市上京区寺町通広小路下ル,135.7689578,35.02303709,,,1階事務所前,,,
府立体育館,ふりつたいいくかん,京都市北区大将軍鷹司町,135.7286442,35.023095,,,2階事務室内,,,
府立堂本印象美術館,ふりつどうもといんしょうびじゅつかん,京都市北区平野上柳町,135.726098,35.03510726,,,美術館入口,,,
府立植物園,ふりつしょくぶつえん,京都市左京区下鴨半木町,135.7627726,35.04707554,,,会館1階事務室,,,
府立総合資料館,ふりつそうごうしりょうかん,京都市左京区下鴨半木町1-4,135.7664341,35.05056735,,,3階閲覧室前ホール,,,
府立図書館,ふりつとしょかん,京都市左京区岡崎成勝寺町9,135.7819868,35.01296484,,,1階エントランスホール,,,
府立大学,ふりつだいがく,京都市左京区下鴨半木町1-5,135.7669571,35.04727233,,,本館・合同講義棟1階保安室横,,,
京都文化博物館,きょうとぶんかはくぶつかん,京都市中京区高倉通三条上ル東片町623-1,135.7624285,35.00930684,,,本館1階総合受付前,,,
府立総合社会福祉会館,ふりつそうごうしゃかいふくしかいかん,京都市中京区竹屋町通烏丸東入ル清水町375,135.7598941,35.01642977,,,1階受付,,,
家庭支援総合センター,かていしえんそうごうせんたー,京都市東山区清水四丁目185-1,135.7772021,34.99561393,,,エントランスホール,,,
京都駅ビル,きょうとえきびる,京都市下京区烏丸通塩小路下ル東塩小路町,135.7588813,34.98602188,,,2階インフォメーション附近,,,
京都駅ビル,きょうとえきびる,京都市下京区烏丸通塩小路下ル東塩小路町,135.7586005,34.98545186,,,地下1階コンコース,,,
京都駅ビル,きょうとえきびる,京都市下京区烏丸通塩小路下ル東塩小路町,135.7580083,34.98601716,,,伊勢丹1階入口,,,
京都駅ビル,きょうとえきびる,京都市下京区烏丸通塩小路下ル東塩小路町,135.7608563,34.98579627,,,京都劇場2階エントランス,,,
京都駅ビル,きょうとえきびる,京都市下京区烏丸通塩小路下ル東塩小路町,135.7605988,34.98592097,,,ホテルグランヴィア2階エントランス,,,
京都テルサ,きょうとてるさ,京都市南区東九条下殿田町70,135.7559318,34.97757296,,,西館1階総合案内,,,
京都テルサ,きょうとてるさ,京都市南区東九条下殿田町70,135.755954,34.97738811,,,西館4階フィットネスクラブ　サービスカウンター,,,
京都テルサ,きょうとてるさ,京都市南区東九条下殿田町70,135.755954,34.97738811,,,東館1階玄関ロビー,,,
ぶらり嵐山,ぶらりあらしやま,京都市右京区嵯峨天龍寺北造路町18-1,135.6771523,35.01659937,,,事務室内,,,
府立ゼミナールハウス,ふりつぜみなーるはうす,京都市右京区京北下中町鳥谷2,135.6343688,35.19937067,,,本館3階事務室入口前,,,
中小企業会館,ちゅうしょうきぎょうかいかん,京都市右京区西院東中水町17,135.7326558,34.99413349,,,1階事務室入口前,,,
総合見本市会館,そうごうみほんいちかいかん,京都市伏見区竹田鳥羽殿町5,135.7510621,34.9473693,,,1階ロビー内,,,
総合見本市会館,そうごうみほんいちかいかん,京都市伏見区竹田鳥羽殿町5,135.7510621,34.9473693,,,1階大展示場内,,,
府立伏見港公園,ふりつふしみこうこうえん,京都市伏見区葭島金井戸町,135.7579716,34.92500383,,,1階ロビー入口横,,,
府立伏見港公園,ふりつふしみこうこうえん,京都市伏見区葭島金井戸町,135.757894,34.92494103,,,地階プール指導員室,,,
総合教育センター,そうごうきょういくせんたー,京都市伏見区桃山毛利長門西町,135.7693093,34.93706292,,,本館1階事務室前,,,
丹後保健所,たんごほけんじょ,京丹後市峰山町丹波855,135.0731155,35.62622286,,,1階受付,,,
農林水産技術センター　畜産センター　碇高原牧場,のうりんすいさんぎじゅつせんたーちくさんせんたーいかりこうげんぼくじょう,京丹後市丹後町碇1,135.1928542,35.7190094,,,2階宿直室前,,,
丹後勤労者福祉会館,たんごきんろうしゃふくしかいかん,京丹後市大宮町河辺小字豊野3355,135.0843065,35.60253026,,,1階玄関ロビー,,,
農業公園丹後あじわいの郷,のうぎょうこうえんたんごあじわいのさと,京丹後市弥栄町鳥取123,135.0668863,35.67718759,,,体験宿泊施設1階事務室内,,,
宮津総合庁舎,みやずそうごうちょうしゃ,宮津市字吉原2586-2,135.1992265,35.53211643,,,1階総合案内コーナー前,,,
府立青少年海洋センター,ふりつせいしょうねんかいようせんたー,宮津市字田井小字大池382,135.2309069,35.5823959,,,研修棟1階保健室内,,,
丹後海と星の見える丘公園,たんごうみとほしのみえるおかこうえん,宮津市里波見,135.2362,35.62366288,,,セミナーハウス1階事務室入口前,,,
福知山総合庁舎,ふくちやまそうごうちょうしゃ,福知山市篠尾新町1丁目91,135.1133311,35.29926519,,,1階総合窓口前,,,
中丹勤労者福祉会館,ちゅうたんきんろうしゃふくしかいかん,福知山市昭和新町105,135.1167493,35.30412266,,,1階事務室内,,,
福知山高等技術専門校,ふくちやまこうとうぎじゅつせんもんこう,福知山市南平野町90,135.1762931,35.29160423,,,職員室内黒板横,,,
舞鶴総合庁舎,まいずるそうごうちょうしゃ,舞鶴市字浜2020,135.3894647,35.47639157,,,1階府民ホール内,,,
中丹東保健所,ちゅうたんひがしほけんじょ,舞鶴市倉谷村西1499,135.3389002,35.44545563,,,1階ホール,,,
舞鶴勤労者福祉会館,まいずるきんろうしゃふくしかいかん,舞鶴市字南田辺小字二ノ丸1,135.3304777,35.44774002,,,1階事務室内,,,
綾部総合庁舎,あやべそうごうちょうしゃ,綾部市川糸町丁畠10-2,135.2607803,35.30056507,,,玄関ホール,,,
総合教育センター北部研修所,そうごうきょういくせんたーほくぶけんしゅうしょ,綾部市川糸町堀之内,135.2623662,35.29933676,,,玄関ロビー,,,
中丹文化会館,ちゅうたんぶんかかいかん,綾部市里町久田,135.2636071,35.3122297,,,1階事務所前,,,
府立農業大学校,ふりつのうぎょうだいがっこう,綾部市位田町桧前,135.2339134,35.32404447,,,松風寮1階玄関ホール,,,
府立丹波自然運動公園,ふりつたんばしぜんうんどうこうえん,船井郡京丹波町曽根崩下代110-7,135.4155693,35.16561239,,,公園センター受付,,,
府立丹波自然運動公園,ふりつたんばしぜんうんどうこうえん,船井郡京丹波町曽根崩下代110-7,135.4134827,35.16901288,,,宿泊所受付,,,
みずほガーデンロッジ,みずほがーでんろっじ,船井郡京丹波町大朴皿引1-4「グリーンランドみずほ」内,135.363877,35.16534676,,,1階フロントカウンター,,,
園部総合庁舎,そのべそうごうちょうしゃ,南丹市園部町小山東町藤ノ木21,135.4821716,35.10439692,,,1階地域総務室前ロビー,,,
口丹波勤労者福祉会館,くちたんばきんろうしゃふくしかいかん,南丹市八木町西田金井畠9,135.5376981,35.07395656,,,1階事務室内,,,
府立淇陽学校,ふりつきようがっこう,南丹市園部町栄町3-71,135.4714952,35.0991423,,,本館1階事務室内,,,
るり渓少年自然の家,るりけいしょうねんしぜんのいえ,南丹市園部町大河内小米阪1-9,135.3996417,35.02957611,,,1階事務室,,,
府民の森ひよし,ふみんのもりひよし,南丹市日吉町天若上ノ所25,135.5296746,35.13722698,,,森の資料館内事務所入口,,,
亀岡総合庁舎,かめおかそうごうちょうしゃ,亀岡市荒塚町1-4-1,135.5737575,35.01043493,,,1階ロビー,,,
府立洛西浄化センター公園,ふりつらくさいじょうかせんたーこうえん,長岡京市勝竜寺山崎作り20-5,135.7086233,34.90829131,,,管理棟玄関事務室前,,,
長岡京記念文化会館,ながおかきょうきねんぶんかかいかん,長岡京市天神,135.6882151,34.92718989,,,1階事務所前,,,
乙訓総合庁舎,おとくにそうごうちょうしゃ,向日市上植野町馬立8,135.69918,34.94011193,,,乙訓保健所1階玄関ロビー,,,
府立府民スポーツ広場,ふりつふみんすぽーつひろば,久御山町佐古梶石1-2,135.833114,34.85857645,,,管理棟管理事務室内,,,
宇治総合庁舎,うじそうごうちょうしゃ,宇治市宇治若森7-6,135.7973248,34.88781366,,,山城北保健所1階玄関ロビー,,,
府立山城総合運動公園,ふりつやましろそうごううんどうこうえん,宇治市広野町八軒屋谷1,135.8056583,34.86998201,,,体育館事務室内,,,
府立山城総合運動公園,ふりつやましろそうごううんどうこうえん,宇治市広野町八軒屋谷1,135.8056583,34.86998201,,,体育館事務室内,,,
府立山城総合運動公園,ふりつやましろそうごううんどうこうえん,宇治市広野町八軒屋谷1,135.8043256,34.87058811,,,公園センター自動販売機スペース横,,,
府立山城総合運動公園,ふりつやましろそうごううんどうこうえん,宇治市広野町八軒屋谷1,135.8044586,34.86792586,,,クラブハウス1階休憩所,,,
城南勤労者福祉会館,じょうなんきんろうしゃふくしかいかん,宇治市伊勢田町新中ノ荒21-8,135.7714266,34.8804865,,,1階事務室前,,,
田辺総合庁舎,たなべそうごうちょうしゃ,京田辺市田辺明田1,135.7693077,34.8231442,,,府民ホール入口横,,,
山城勤労者福祉会館,やましろきんろうしゃふくしかいかん,綴喜郡井手町大字井手小字大塚99-35,135.8135685,34.80560639,,,1階事務室内,,,
木津総合庁舎,きずそうごうちょうしゃ,木津川市木津上戸18-1,135.8267691,34.73802673,,,山城南保健所1階,,,
けいはんなプラザ,けいはんなぷらざ,相楽郡精華町光台1-7,135.7652353,34.7456067,,,ホテルフロント,,,
府立関西文化学術研究都市記念公園（けいはんな記念公園）,ふりつかんさいぶんかがくじゅつとしきねんこうえん（けいはんなきねんこうえん）,相楽郡精華町精華台六丁目1,135.7784051,34.74650521,,,事務所,,,
京都府立大学生命環境学部附属農場,きょうとふりつだいがくせいめいかんきょうがくぶふぞくのうじょう,相楽郡精華町大字北稲八間小字大路74,135.7606476,34.7739872,,,玄関,,,
山城高等学校,やましろこうとうがっこう,京都市北区大将軍坂田町２９,135.7256705,35.02301548,,,玄関,,,
鴨沂高等学校,おきこうとうがっこう,京都市上京区寺町通荒神口下ル松蔭町１３１,135.7679097,35.02071562,,,玄関,,,
鴨沂高等学校（紫野運動場）,おきこうとうがっこう（むらさきのうんどうじょう）,京都市北区小山南大野町１−４,135.755674,35.04048311,,,体育振興施設管理室前,,,
洛北高等学校,らくほくこうとうがっこう,京都市左京区下鴨梅ノ木町５９,135.7714221,35.04625829,,,生徒昇降口付近,,,
北稜高等学校,ほくりょうこうとうがっこう,京都市左京区岩倉幡枝町１５４,135.7732042,35.06989555,,,Ａ棟１階保健室前,,,
朱雀高等学校,すざくこうとうがっこう,京都市中京区西ノ京式部町１,135.7450244,35.01414694,,,玄関,,,
洛東高等学校,らくとうこうとうがっこう,京都市山科区安朱川向町１０,135.8169546,34.99672834,,,本館１Ｆ職員・来客用玄関,,,
鳥羽高等学校,とばこうとうがっこう,京都市南区西九条大国町１,135.745077,34.97853318,,,１階事務室入口前,,,
嵯峨野高等学校,さがのこうとうがっこう,京都市右京区常盤段ノ上町１５,135.7037145,35.01957822,,,北校舎１階保健室前,,,
北嵯峨高等学校,きたさがこうとうがっこう,京都市右京区嵯峨大沢柳井手町７,135.6807977,35.02634997,,,１棟１階廊下トイレ前,,,
北桑田高等学校,きたくわだこうとうがっこう,京都市右京区京北下弓削町沢の奥１５,135.6320188,35.19643569,,,管理棟玄関ホール,,,
北桑田高等学校美山分校,きたくわだこうとうがっこうみやまぶんこう,南丹市美山町上平屋梁ヶ瀬９番地２,135.5827386,35.27305211,,,職員玄関,,,
桂高等学校,かつらこうとうがっこう,京都市西京区川島松ノ木本町２７,135.7054966,34.97229243,,,学習会館屋外,,,
洛西高等学校,らくさいこうとうがっこう,京都市西京区大原野西境谷町１丁目１２−１・２,135.6672956,34.96263329,,,体育館玄関入口,,,
桃山高等学校,ももやまこうとうがっこう,京都市伏見区桃山毛利長門東町８,135.7701848,34.93683073,,,正面玄関ホール（事務室前）,,,
東稜高等学校,とうりょうこうとうがっこう,京都市伏見区醍醐新町裏町２５−１,135.8182782,34.95547979,,,体育職員室内,,,
洛水高等学校,らくすいこうとうがっこう,京都市伏見区横大路向ヒ１８,135.7337901,34.9240461,,,玄関ホール横玄関,,,
京都すばる高等学校,きょうとすばるこうとうがっこう,京都市伏見区向島西定請１２０,135.7643835,34.9125345,,,事務室横正面玄関入口,,,
峰山高等学校,みねやまこうとうがっこう,京丹後市峰山町古殿１１８５,135.0547923,35.62468386,,,保健室前廊下,,,
峰山高等学校,みねやまこうとうがっこう,京丹後市峰山町古殿１１８５,135.0547923,35.62468386,,,体育職員室,,,
峰山高等学校弥栄分校,みねやまこうとうがっこうやさかぶんこう,京丹後市弥栄町黒部小字奈具３８０,135.0947648,35.67208328,,,保健室前廊下,,,
網野高等学校,あみのこうとうがっこう,京丹後市網野町網野２８２０,135.0325549,35.68723116,,,正面玄関,,,
網野高等学校,あみのこうとうがっこう,京丹後市網野町網野２８２０,135.0325549,35.68723116,,,体育職員室,,,
網野高等学校間人分校,あみのこうとうがっこうたいざぶんこう,京丹後市丹後町間人３３７,135.0976061,35.73140058,,,副校長室,,,
久美浜高等学校,くみはまこうとうがっこう,京丹後市久美浜町橋爪６５,134.9319396,35.59228011,,,１階保健室入口前,,,
久美浜高等学校,くみはまこうとうがっこう,京丹後市久美浜町橋爪６５,134.9319396,35.59228011,,,第１体育館体育職員室内,,,
海洋高等学校,かいようこうとうがっこう,宮津市字上司１５６７−１,135.2352864,35.55095206,,,正面玄関入ってすぐの事務室前,,,
海洋高等学校,かいようこうとうがっこう,宮津市字上司１５６７−１,135.2352864,35.55095206,,,実習船,,,
宮津高等学校,みやずこうとうがっこう,宮津市字滝馬２３,135.189073,35.52977426,,,玄関正面の廊下,,,
宮津高等学校伊根分校,みやずこうとうがっこういねぶんこう,与謝郡伊根町字日出２５２,135.2740522,35.67340231,,,玄関正面の廊下,,,
加悦谷高等学校,かやだにこうとうがっこう,与謝郡与謝野町三河内８１０,135.095169,35.52474805,,,来客用玄関（廊下）,,,
福知山高等学校,ふくちやまこうとうがっこう,福知山市字土師６５０,135.1456212,35.29504725,,,第１体育館,,,
福知山高等学校三和分校,ふくちやまこうとうがっこうみわぶんこう,福知山市三和町千束小字橋ノ谷３５−１,135.2253283,35.22047301,,,本館玄関前,,,
工業高等学校,こうぎょうこうとうがっこう,福知山市字石原小字上野４５,135.1768129,35.29676223,,,管理棟１階事務室前,,,
大江高等学校,おおえこうとうがっこう,福知山市大江町金屋５７８,135.1569251,35.39375852,,,管理棟玄関内,,,
東舞鶴高等学校,ひがしまいずるこうとうがっこう,舞鶴市字泉源寺７６６,135.4151353,35.48399489,,,第一体育館玄関,,,
東舞鶴高等学校浮島分校,ひがしまいずるこうとうがっこううきしまぶんこう,舞鶴市字溝尻１５０−１３,135.3993513,35.47767454,,,事務室,,,
西舞鶴高等学校,にしまいずるこうとうがっこう,舞鶴市字引土１４５,135.3277264,35.43892548,,,玄関（来客・職員用）,,,
綾部高等学校,あやべこうとうがっこう,綾部市岡町長田１８,135.2375749,35.30084223,,,体育館,,,
綾部高等学校東分校,あやべこうとうがっこうひがしぶんこう,綾部市川糸町堀ノ内１８,135.2621408,35.29840126,,,教員昇降口（事務室前）,,,
須知高等学校,しゅちこうとうがっこう,船井郡京丹波町豊田下川原１６６−１,135.4165398,35.17355328,,,食品製造実習棟,,,
須知高等学校,しゅちこうとうがっこう,船井郡京丹波町豊田下川原１６６−１,135.4149404,35.17380789,,,体育館玄関入口,,,
園部高等学校,そのべこうとうがっこう,南丹市園部町小桜町９７,135.4694468,35.10481759,,,管理棟２階職員室前,,,
園部高等学校,そのべこうとうがっこう,南丹市園部町小桜町９７,135.4694468,35.10481759,,,体育館アリーナ入口前,,,
農芸高等学校,のうげいこうとうがっこう,南丹市園部町南大谷下芝１２,135.4559396,35.05500142,,,正面玄関前（２棟）,,,
農芸高等学校,のうげいこうとうがっこう,南丹市園部町南大谷下芝１２,135.4559396,35.05500142,,,農機具実習棟前,,,
亀岡高等学校,かめおかこうとうがっこう,亀岡市横町２３,135.5819575,35.01126287,,,西キャンパス１階玄関,,,
南丹高等学校,なんたんこうとうがっこう,亀岡市馬路町中島１,135.5571193,35.0537481,,,体育館入口,,,
南丹高等学校,なんたんこうとうがっこう,亀岡市馬路町中島１,135.5571193,35.0537481,,,２棟１階保健室内,,,
乙訓高等学校,おとくにこうとうがっこう,長岡京市友岡１丁目１−１,135.6935772,34.91926212,,,玄関外側,,,
乙訓高等学校,おとくにこうとうがっこう,長岡京市友岡１丁目１−１,135.6929854,34.91877166,,,体育館入口ロビー内,,,
乙訓高等学校,おとくにこうとうがっこう,長岡京市友岡１丁目１−１,135.6935772,34.91926212,,,Ｃ棟入口外側,,,
西乙訓高等学校,にしおとくにこうとうがっこう,長岡京市下海印寺西明寺４１,135.6790206,34.91318272,,,体育館玄関,,,
向陽高等学校,こうようこうとうがっこう,向日市上植野町西大田,135.7102649,34.93421669,,,保健室前廊下,,,
久御山高等学校,くみやまこうとうがっこう,久御山町字林,135.7568063,34.88140424,,,１Ｆ廊下,,,
久御山高等学校（共用グラウンド）,くみやまこうとうがっこう（きょうようぐらうんど）,宇治市広野町大開７０,135.7941243,34.87605602,,,グラウンド内,,,
東宇治高等学校,ひがしうじこうとうがっこう,宇治市木幡平尾４３−２,135.8094772,34.92573132,,,玄関内事務室前,,,
城南菱創高等学校,じょうなんりょうそうこうとうがっこう,宇治市小倉町南堀池,135.7740565,34.89166238,,,体育館出入口,,,
莵道高等学校,とどこうとうがっこう,宇治市五ケ庄五雲峰４−１,135.8161384,34.90994308,,,保健室前廊下,,,
京都八幡高等学校北キャンパス,きょうとやわたこうとうがっこうきたきゃんぱす,八幡市男山吉井７,135.7008784,34.85963657,,,第１棟玄関（事務室前）,,,
京都八幡高等学校南キャンパス,きょうとやわたこうとうがっこうみなみきゃんぱす,八幡市内里柿谷１６−１,135.7200384,34.85035166,,,事務室窓口前,,,
城陽高等学校,じょうようこうとうがっこう,城陽市寺田宮ノ平１,135.789347,34.85289005,,,玄関,,,
西城陽高等学校,にしじょうようこうとうがっこう,城陽市枇杷庄京縄手４６−１,135.7660583,34.84272407,,,生徒昇降口,,,
田辺高等学校,たなべこうとうがっこう,京田辺市河原神谷２４,135.7776476,34.82071937,,,体育職員室前,,,
木津高等学校,きずこうとうがっこう,木津川市木津内田山３４,135.8305377,34.73846629,,,管理棟１階事務室横,,,
南陽高等学校,なんようこうとうがっこう,木津川市兜台６丁目２,135.7846527,34.7305907,,,正面玄関,,,
南陽高等学校,なんようこうとうがっこう,木津川市兜台６丁目２,135.7849652,34.72982794,,,体育館入口,,,
盲学校,もうがっこう,京都市北区紫野花ノ坊町１,135.7372451,35.03960507,,,寄宿舎,,,
盲学校,もうがっこう,京都市北区紫野花ノ坊町１,135.7372451,35.03960507,,,高等部１Ｆ理療科更衣室内,,,
聾学校,ろうがっこう,京都市右京区御室大内４,135.7134605,35.03229841,,,管理棟玄関,,,
盲聾学校舞鶴分校,もうろうがっこうまいずるぶんこう,舞鶴市字南田辺８３,135.3335402,35.44761852,,,正面玄関を入った右壁沿い,,,
与謝の海支援学校,よさのうみしえんがっこう,与謝郡与謝野町男山９４５,135.1703926,35.5747721,,,正面玄関,,,
中丹支援学校,ちゅうたんしえんがっこう,福知山市大字私市小字打溝８,135.1841417,35.31288282,,,玄関,,,
舞鶴支援学校,まいずるしえんがっこう,舞鶴市堀４−１,135.3395555,35.41022154,,,管理棟１階玄関付近,,,
舞鶴支援学校行永分校,まいずるしえんがっこうゆきながぶんこう,舞鶴市字行永２５１０−１７,135.4033987,35.46207808,,,保健室前,,,
舞鶴支援学校北吸分校,まいずるしえんがっこうきたすいぶんこう,舞鶴市字北吸無番地,135.3776125,35.47306711,,,１階玄関付近,,,
丹波支援学校,たんばしえんがっこう,南丹市八木町柴山坊田１１８,135.515385,35.06695018,,,管理棟玄関前,,,
丹波支援学校亀岡分校,たんばしえんがっこうかめおかぶんこう,亀岡市千代川町湯井巽筋３８,135.5413813,35.04195374,,,１階廊下,,,
向日が丘支援学校,むこうがおかしえんがっこう,長岡京市井ノ内朝日寺１１,135.6829672,34.94019258,,,玄関,,,
宇治支援学校,うじしえんがっこう,宇治市広野町丸山１０,135.7856465,34.87575821,,,北校舎１階エントランス,,,
宇治支援学校,うじしえんがっこう,宇治市広野町丸山１０,135.7854445,34.87550742,,,北校舎４階プール入口,,,
八幡支援学校,やわたしえんがっこう,八幡市内里柿谷１６−１,135.7210899,34.85032514,,,玄関付近（中側）,,,
城陽支援学校,じょうようしえんがっこう,城陽市中芦原１−４,135.815442,34.83138283,,,玄関,,,
南山城支援学校,みなみやましろしえんがっこう,相楽郡精華町大字山田小字医王寺１,135.7921688,34.74070761,,,1階職員室南側（火災受信所）,,,
北消防署,きたしょうぼうしょ,京都市北区紫竹下緑町８７,135.748973,35.04951337,,,1階事務室内,,,
北保健センター,きたほけんせんたー,京都市北区紫野東御所田町33-1,135.7536059,35.04097203,,,西庁舎１階健康づくり推進課内,,,
京都市営地下鉄北山駅,きょうとしえいちかてつきたやまえき,京都市北区上賀茂岩ヶ垣内町,135.7648299,35.05122268,,,改札付近,,,
京都市営地下鉄北大路駅,きょうとしえいちかてつきたおおじえき,京都市北区小山北上総町79,135.7586356,35.04453328,,,改札付近,,,
上京区役所,かみぎょうくやくしょ,京都市上京区今出川通室町西入掘出シ町289,135.7566896,35.02967649,,,２階総務課,,,
上京消防署,かみぎょうしょうぼうしょ,京都市上京区釜座通下立売下る東裏辻町３９８,135.7552343,35.01965069,,,3階事務室内,,,
上京保健センター,かみぎょうほけんせんたー,京都市上京区堀川通上立売下る北舟橋町866,135.7516003,35.03050409,,,１階健康づくり推進課内,,,
京都市営地下鉄鞍馬口駅,きょうとしえいちかてつくらまぐちえき,京都市上京区上御霊中,135.7592492,35.03760332,,,改札付近,,,
京都市営地下鉄今出川駅,きょうとしえいちかてついまでがわえき,京都市上京区烏丸通今出川上る岡松町,135.7592672,35.02946988,,,改札付近,,,
左京区役所,さきょうくやくしょ,京都市左京区松ケ崎堂ノ上町7-2,135.7785527,35.04829711,,,３階総務課前,,,
左京消防署,さきょうしょうぼうしょ,京都市左京区田中西大久保町３６,135.7810237,35.03629516,,,２階事務室内,,,
左京保健センター,さきょうほけんせんたー,京都市左京区松ケ崎堂ノ上町7-2,135.7785527,35.04829711,,,２階,,,
京都市障害者スポーツセンター,きょうとししょうがいしゃすぽーつせんたー,京都市左京区高野玉岡町5,135.7836354,35.04550516,,,事務所,,,
京都市国際交流会館,きょうとしこくさいこうりゅうせんたー,京都市左京区栗田口鳥居町2-1,135.7875453,35.01073598,,,１階,,,
みやこめっせ,みやこめっせ,京都市左京区岡崎成勝寺町9-1,135.7809678,35.01284085,,,１階東出入口,,,
岡崎公園,おかざきこうえん,京都市左京区岡崎最勝寺町,135.7843964,35.01414493,,,園内,,,
岩倉東公園,いわくらひがしこうえん,京都市左京区岩倉忠在地町,135.7873991,35.06923877,,,園内,,,
京都市美術館,きょうとしびじゅつかん,京都市左京区岡崎円勝寺町124,135.783392,35.01281834,,,１階,,,
花背山の家,はなせやまのいえ,京都市左京区花背別所町399,135.7856611,35.1722119,,,施設内,,,
京都市動物園,きょうとしどうぶつえん,京都市左京区岡崎法勝寺町,135.7848576,35.01293895,,,図書館前,,,
京都コンサートホール,きょうとこんさーとほーる,京都市左京区下鴨半木町1-26,135.7666621,35.04992234,,,１階,,,
京都市営地下鉄国際会館駅,きょうとしえいちかてつこくさいかいかんえき,京都市左京区岩倉大鷺町,135.785283,35.0631408,,,改札付近,,,
京都市営地下鉄松ヶ崎駅,きょうとしえいちかてつまつがさきえき,京都市左京区松ヶ崎六ノ坪町,135.7766315,35.05167813,,,改札付近,,,
京都市役所本庁舎,きょうとしやくしょほんちょうしゃ,京都市中京区寺町通御池上る上本能寺前町488,135.7681097,35.01161883,,,１階玄関横,,,
京都市消防局,きょうとししょうぼうきょく,京都市中京区押小路通河原町西入榎木町450−2,135.768358,35.01242476,,,1階エントランス内・２階事務室内,,,
中京消防署,なかぎょうしょうぼうしょ,京都市中京区西堀川通御池下る西三坊堀川町521,135.7513617,35.01072522,,,２階事務室内,,,
中京保健センター,なかぎょうほけんせんたー,京都市中京区西堀川通御池下る西三坊堀川町521,135.7513696,35.00999198,,,２階健康づくり推進課内,,,
京都市男女共同参画センター（ウィングス京都）,きょうとしだんじょきょうどうさんかくせんたー（うぃんぐすきょうと）,京都市中京区東洞院通六角下る御射山町262,135.7614224,35.00686351,,,１階,,,
京都アスニー,きょうと あすにー,京都市中京区丸太町通七本松西入ル聚楽廻松下町9-2,135.7384779,35.01900094,,,１階,,,
二条城,にじょうじょう,京都市中京区二条通堀川西入二条城町541,135.7508969,35.01328778,,,事務所前,,,
京都市営地下鉄丸太町駅,きょうとしえいちかてつまるたまちえき,京都市中京区烏丸通丸太町下る大倉町,135.7596365,35.01642493,,,改札付近,,,
京都市営地下鉄烏丸御池駅,きょうとしえいちかてつからすまおいけえき,京都市中京区虎屋町,135.7596585,35.01058805,,,改札付近,,,
京都市営地下鉄京都市役所前駅,きょうとしえいちかてつきょうとしやくしょまええき,京都市中京区下丸屋町392-1,135.7691136,35.01090957,,,改札付近,,,
京都市営地下鉄二条城前駅,きょうとしえいちかてつにじょうじょうまええき,京都市中京区二条城町541,135.750042,35.01195635,,,改札付近,,,
京都市営地下鉄二条駅,きょうとしえいちかてつにじょうえき,京都市中京区西ノ京栂尾町3,135.7416329,35.01202168,,,改札付近,,,
京都市営地下鉄西大路御池駅,きょうとしえいちかてつにしおおじおいけえき,京都市中京区西ノ京東中合町,135.7303994,35.01099463,,,改札付近,,,
東山消防署,ひがしやましょうぼうしょ,京都市東山区清水５丁目１３０−８,135.7765253,34.99671825,,,２階事務室内,,,
東山保健センター,ひがしやまほけんせんたー,京都市東山区清水五丁目130-6,135.7763613,34.99707331,,,地下１階健康づくり推進課内,,,
東山地域体育館,ひがしやまちいきたいいくかん,京都市東山区清水5-130-6　東山区総合庁舎3階,135.7763613,34.99707331,,,館内,,,
京都市営地下鉄蹴上駅,きょうとしえいちかてつけあげえき,京都市東山区東小物座町339,135.7906149,35.00763251,,,改札付近,,,
京都市営地下鉄東山駅,きょうとしえいちかてつひがしやまえき,京都市東山区大井手町98-1,135.7800456,35.00941252,,,改札付近,,,
京都市営地下鉄三条京阪駅,きょうとしえいちかてつさんじょうけいはんえき,京都市東山区大橋町85-1,135.7738898,35.00923092,,,改札付近,,,
山科消防署,やましなしょうぼうしょ,京都市山科区西野今屋敷町２−１０,135.8114211,34.98597701,,,２階事務室内,,,
山科保健センター,やましなほけんせんたー,京都市山科区椥辻池尻町14-2,135.8136204,34.97233415,,,健康づくり推進課内,,,
山科地域体育館,やましなちいきたいいくかん,京都市山科区椥辻西浦町1-12,135.813702,34.97693712,,,館内,,,
勧修寺公園,かんしゅうじこうえん,京都市山科区観修寺東金ヶ崎町,135.8107718,34.96652396,,,園内,,,
京都市営地下鉄小野駅,きょうとしえいちかてつおのえき,京都市山科区小野西浦6-3,135.8127117,34.96127442,,,改札付近,,,
京都市営地下鉄椥辻駅,きょうとしえいちかてつなぎのつじえき,京都市山科区椥辻草海道町38-11,135.8148073,34.97260343,,,改札付近,,,
京都市営地下鉄東野駅,きょうとしえいちかてつひがしのえき,京都市山科区東野片下り町22-3,135.8167835,34.98240997,,,改札付近,,,
京都市営地下鉄山科駅,きょうとしえいちかてつやましなえき,京都市山科区安朱南屋敷町29-2,135.8174233,34.99118228,,,改札付近,,,
京都市営地下鉄御陵駅,きょうとしえいちかてつみささぎえき,京都市山科区御陵原西町17-4,135.8014017,34.9962033,,,改札付近,,,
下京消防署,しもぎょうしょうぼうしょ,京都市下京区五条通高倉西入堺町２７,135.762064,34.995857,,,３階事務室内,,,
下京保健センター,しもぎょうほけんせんたー,京都市下京区西洞院通塩小路上る東塩小路町608-8,135.7554732,34.9878007,,,１階健康づくり推進課受付,,,
ひとまち交流館京都,ひとまちこうりゅうかんきょうと,京都市下京区西木屋町通上ノ口上る梅湊町83-1,135.765108,34.99324478,,,１階,,,
京都市営地下鉄四条駅,きょうとしえいちかてつしじょうえき,京都市下京区二帖半敷町,135.7596715,35.00211246,,,改札付近,,,
京都市営地下鉄五条駅,きょうとしえいちかてつごじょうえき,京都市下京区大坂町,135.759793,34.99557451,,,改札付近,,,
京都市営地下鉄京都駅,きょうとしえいちかてつきょうとえき,京都市下京区東塩小路町,135.7599167,34.98669607,,,改札付近,,,
京都市消防活動総合センター,きょうとししょうぼうかつどうそうごうせんたー,京都市南区上鳥羽塔ノ森下開ノ内94-4,135.7333712,34.95412115,,,２階事務室内,,,
京都市消防学校,きょうとししょうぼうがっこう,京都市南区上鳥羽塔ノ森下開ノ内21-3,135.7318948,34.95609394,,,１階保健室内,,,
南消防署,みなみしょうぼうしょ,京都市南区西九条菅田町４−１,135.7469528,34.97361586,,,３階事務室内,,,
南保健センター,みなみほけんせんたー,京都市南区西九条南田町1-3,135.7468015,34.97674222,,,１階健康づくり推進課内,,,
殿田公園,とのだこうえん,京都市南区東九条下殿田町,135.7573239,34.97811862,,,園内,,,
吉祥院公園,きっしょういんこうえん,京都市南区吉祥院新田下ノ向町,135.7242966,34.97120314,,,園内,,,
京都市営地下鉄九条駅,きょうとしえいちかてつくじょうえき,京都市南区東九条南烏丸町,135.7596508,34.97945545,,,改札付近,,,
京都市営地下鉄十条駅,きょうとしえいちかてつじゅうじょうえき,京都市南区東九条南石田町,135.759715,34.9723717,,,改札付近,,,
右京区役所,うきょうくやくしょ,京都市右京区太秦下刑部町12,135.7160938,35.01019595,,,１階,,,
右京消防署,うきょうしょうぼうしょ,京都市右京区太秦蜂岡町３６,135.7081505,35.0138752,,,２階事務室内,,,
右京保健センター,うきょうほけんせんたー,京都市右京区太秦下刑部町12,135.7160938,35.01019595,,,２階,,,
西京極総合運動公園,にしきょうごくそうごううんどうこうえん,京都市右京区西京極新明町32,135.7155138,34.99506974,,,陸上競技場，スポーツ会館，補助競技場，アクアリーナ,,,
京都市体育館,きょうとしたいいくかん,京都市右京区西京極新明町1,135.7150019,34.99549277,,,館内,,,
右京地域体育館,うきょうちいきたいいくかん,京都市右京区太秦下刑部町12　SANSA右京4Ｆ・5Ｆ,135.7160938,35.01019595,,,館内,,,
西院公園,さいいんこうえん,京都市右京区西院安塚町,135.722226,35.00144741,,,園内,,,
京都市営地下鉄太秦天神川駅,きょうとしえいちかてつうずまさてんじんがわえき,京都市右京区太秦下刑部町,135.7152408,35.01085383,,,改札付近,,,
西京区役所,にしきょうくやくしょ,京都市西京区上桂森下町25-1,135.693255,34.98504212,,,１階玄関横,,,
西京消防署,にしきょうしょうぼうしょ,京都市西京区樫原佃１９,135.6944118,34.97515588,,,２階事務室内,,,
西京保健センター,にしきょうほけんせんたー,京都市西京区桂艮町1-2,135.6996821,34.98612535,,,１階ロビー,,,
西京保健センター洛西支所,にしきょうほけんせんたーらくさいししょ,京都市西京区大原野東境谷町二丁目1-2,135.6747745,34.96445073,,,１階入口,,,
桂川地域体育館,かつらがわちいきたいいくかん,京都市西京区上桂今井町131,135.6978299,34.99609976,,,館内,,,
小畑川中央公園,おばたがわちゅうおうこうえん,京都市西京区大枝東新林町二丁目,135.6759959,34.96640523,,,園内,,,
京都市消防航空隊,きょうとししょうぼうこうくうたい,京都市伏見区横大路千両松町,135.738854,34.91818421,,,１階事務室内,,,
伏見消防署,ふしみしょうぼうしょ,京都市伏見区竹田七瀬川町９−１,135.7596699,34.95581131,,,３階事務室内,,,
醍醐消防分署,だいごしょうぼうぶんしょ,京都市伏見区醍醐大構町２８,135.8092814,34.94789817,,,１階事務室内,,,
伏見保健センター,ふしみほけんせんたー,京都市伏見区鷹匠町33,135.7613795,34.93589434,,,２階健康づくり推進課受付,,,
伏見保健センター深草支所,ふしみほけんせんたーふかくさししょ,京都市伏見区深草向畑町93-1,135.7726913,34.9536575,,,３階健康づくり推進室内,,,
伏見保健センター醍醐支所,ふしみほけんせんたーだいごししょ,京都市伏見区醍醐大構町28,135.8092999,34.94750191,,,３階健康づくり推進室内,,,
醍醐地域体育館,だいごちいきたいいくかん,京都市伏見区醍醐高畑町30-1　パセオダイゴロー西館4階,135.8102482,34.95086546,,,館内,,,
伏見北堀公園地域体育館,ふしみきたぼりこうえんちいきたいいくかん,京都市伏見区深草大亀谷五郎太町23,135.7776573,34.94153793,,,館内,,,
三栖公園,みすこうえん,京都市伏見区島津町,135.7514983,34.93316792,,,園内,,,
下鳥羽公園,しもとばこうえん,京都市伏見区下鳥羽西芹川町,135.7490227,34.94341059,,,園内,,,
伏見桃山城運動公園,ふしみももやまうんどうこうえん,京都市伏見区桃山町大倉,135.7791317,34.9397436,,,園内,,,
横大路運動公園,よこおおじうんどうこうえん,京都市伏見区横大路下ノ坪1,135.7328769,34.91500854,,,園内,,,
京都市青少年科学センター,きょうとしせいしょうねんかがくせんたー,京都市伏見区深草池ノ内町13,135.7667256,34.95559501,,,入口,,,
京都市営地下鉄くいな橋駅,きょうとしえいちかてつくいなばしえき,京都市伏見区竹田中島町,135.7573862,34.96271136,,,改札付近,,,
京都市営地下鉄竹田駅,きょうとしえいちかてつたけだえき,京都市伏見区竹田桶ノ井町,135.7560997,34.95687109,,,改札付近,,,
京都市営地下鉄石田駅,きょうとしえいちかてついしだえき,京都市伏見区石田森東町,135.8042029,34.94081347,,,改札付近,,,
京都市営地下鉄醍醐駅,きょうとしえいちかてつだいごえき,京都市伏見区醍醐高畑町30-1,135.8105915,34.95055968,,,改札付近,,,
京都市営地下鉄六地蔵駅,きょうとしえいちかてつろくじぞうえき,宇治市六地蔵奈良町,135.7961622,34.93377924,,,改札付近,,,
舞鶴市役所,まいづるしやくしょ,舞鶴市字北吸１０４４,135.3860518,35.47477258,,,１階市民ホール,,,
舞鶴市役所西支所,まいづるしやくしょにしししょ,舞鶴市字南田辺１,135.3304744,35.44754062,,,玄関ホール　階段横,,,
舞鶴市役所加佐分室（加佐公民館）,まいづるしやくしょかさぶんしつ(かさこうみんかん),舞鶴市字志高１００５,135.2476106,35.42922373,,,事務室入口,,,
総合文化会館,そうごうぶんかかいかん,舞鶴市字浜２０２１,135.3886998,35.47678755,,,ホワイエ　階段前,,,
大浦会館,おおうらかいかん,舞鶴市字中田４５９,135.3959385,35.51720055,,,玄関ホール,,,
城南会館,じょうなんかいかん,舞鶴市字女布４０６−３,135.3205894,35.42682929,,,玄関ホール,,,
中総合会館（中央公民館）,なかそうごうかいかん(ちゅうおうこうみんかん),舞鶴市字余部下１１６７,135.3678954,35.47591897,,,玄関ホール左側,,,
市民会館（西公民館）,しみんかいかん (にしこうみんかん),舞鶴市字北田辺５１,135.3293762,35.4484305,,,ホワイエ　ＥＶ横,,,
舞鶴市立東公民館,まいづるしりつひがしこうみんかん,舞鶴市字浜１５４６−３,135.3910258,35.47589251,,,１階ホワイエ,,,
舞鶴市立南公民館,まいづるしりつみなみこうみんかん,舞鶴市字森１００５−３,135.395037,35.46039287,,,玄関ロビー,,,
舞鶴市立西図書館,まいづるしりつにしとしょかん,舞鶴市字円満寺１００−８,135.3322243,35.44930549,,,玄関ホール,,,
舞鶴私立東図書館,まいづるしりつひがしとしょかん,舞鶴市字溝尻２５,135.4014584,35.47781193,,,玄関ホール,,,
舞鶴文化公園体育館,まいづるぶんかこうえんたいいくかん,舞鶴市字上安久４２０,135.3401581,35.4550895,,,事務室入口横,,,
舞鶴市立東体育館,まいづるしりつひがしたいいくかん,舞鶴市字北吸１０５４,135.3869218,35.4756975,,,玄関ホール,,,
東舞鶴運動公園,ひがしまいずるうんどうこうえん,舞鶴市字森,135.3909785,35.45385624,,,管理棟　玄関入り口,,,
舞鶴親海公園（レストラン エムズデリ）,まいずるしんかいこうえん（れすとらんえむずでり）,舞鶴市字千歳８９７−１,135.3440685,35.51355894,,,事務所内,,,
身体障害者福祉センター,しんたいしょうがいしゃふくしせんたー,舞鶴市字余部下１１８３−９,135.3688204,35.47748591,,,玄関ホール,,,
文庫山学園,ぶんこやまがくえん,舞鶴市字北吸１０４９−１,135.3843222,35.47552129,,,玄関ホール,,,
南デイサービスセンター,みなみでいさーびすせんたー,舞鶴市字行永１０９０−３０,135.3963798,35.44749566,,,玄関ホール,,,
安岡園,やすおかえん,舞鶴市字安岡１０７６−１,135.4386367,35.4909958,,,医務室入口横,,,
由良川学園,ゆらがわがくえん,舞鶴市字八田９６２,135.2633429,35.45369873,,,玄関ロビー,,,
西駅交流センター,にしえきこうりゅうせんたー,舞鶴市字伊佐津２１３−８,135.3303054,35.44156646,,,２階　ＪＲ改札前,,,
西市民プラザ,にししみんぷらざ,舞鶴市字円満寺１５８−６,135.3278659,35.44631421,,,１階通路（八幡通り側）,,,
防災センター,ぼうさいせんたー,舞鶴市字浜８０−４,135.3956778,35.47712051,,,３階センターホール,,,
商工観光センター,しょうこうかんこうせんたー,舞鶴市字浜６６,135.3950998,35.47693157,,,１階　ホール,,,
青葉山ろく公園,あおばさんろくこうえん,舞鶴市字岡安,135.4395312,35.49940403,,,第１管理棟医務室内,,,
赤れんが博物館,あかれんがはくぶつかん,舞鶴市字浜２０１１,135.3874598,35.47609855,,,１階　休憩コーナー,,,
大庄屋 上野家,おおじょうや うえのけ,舞鶴市字西方寺285,135.2157565,35.44566369,,,長屋の地場産品直販所内,,,
大浦ハイランド,おおうらはいらんど,舞鶴市字三浜１４,135.3983112,35.54136015,,,事務室入口横,,,
五老スカイタワー,ごろうすかいたわー,舞鶴市字上安２３７,135.3436926,35.46487556,,,玄関ホール　事務室横,,,
引揚記念館,ひきあげきねんかん,舞鶴市字平無番地,135.3967576,35.50951614,,,玄関ホール,,,
ふるるＦＡＲＭ,ふるるFARM,舞鶴市字瀬崎６０,135.3474466,35.53663275,,,事務室入口横,,,
舞鶴市立中保育所,まいづるしりつなかほいくしょ,舞鶴市字余部下１０６３,135.3625897,35.47649545,,,１階職員室,,,
舞鶴市立西乳児保育所,まいづるしりつにしにゅうじほいくしょ,舞鶴市字円満寺１００-３,135.331372,35.45017313,,,１階職員室,,,
舞鶴市立東保育所,まいづるしりつひがしほいくしょ,舞鶴市字南浜町９-７,135.3962054,35.46705069,,,１階職員室,,,
舞鶴市立舞鶴幼稚園,まいづるしりつまいずるようちえん,舞鶴市字円満寺１００-４,135.3313592,35.44985352,,,１階職員室,,,
朝来小学校,あせくしょうがっこう,舞鶴市字朝来中５４５−１,135.4310438,35.50121061,,,児童玄関,,,
大浦小学校,おおうらしょうがっこう,舞鶴市字平１５８３,135.3959915,35.51783854,,,職員玄関,,,
倉梯小学校,くらはししょうがっこう,舞鶴市字行永２９１,135.3961294,35.46244675,,,南舎１階教室内,,,
倉梯第二小学校,くらはしだいにしょうがっこう,舞鶴市字行永７,135.3939026,35.45681732,,,保健室前,,,
志楽小学校,しらくしょうがっこう,舞鶴市字小倉６０,135.4297832,35.48127592,,,職員玄関,,,
新舞鶴小学校,しんまいずるしょうがっこう,舞鶴市字溝尻１２００−４,135.3997624,35.47242096,,,職員玄関,,,
中舞鶴小学校,なかまいずるしょうがっこう,舞鶴市字余部上１２０,135.3611936,35.47502142,,,職員玄関,,,
三笠小学校,みかさしょうがっこう,舞鶴市桃山町１５−１,135.3899354,35.4693287,,,職員玄関,,,
与保呂小学校,よほろしょうがっこう,舞鶴市字与保呂４８,135.416935,35.44839496,,,教室棟１階廊下,,,
明倫小学校,めいりんしょうがっこう,舞鶴市字北田辺１２８−１,135.3294265,35.44698378,,,１階事務室前廊下,,,
吉原小学校,よしはらしょうがっこう,舞鶴市字東吉原６１３,135.330057,35.45646256,,,児童玄関,,,
余内小学校,あまうちしょうがっこう,舞鶴市字倉谷３０,135.3440514,35.41035439,,,職員玄関,,,
池内小学校,いけうちしょうがっこう,舞鶴市字布敷１２０−１,135.3439055,35.41084459,,,本館１階廊下,,,
中筋小学校,なかすじしょうがっこう,舞鶴市字公文名４９０,135.3307666,35.43086251,,,職員玄関,,,
福井小学校,ふくいしょうがっこう,舞鶴市字下福井７０２−１,135.3034406,35.44979391,,,職員玄関,,,
高野小学校,たかのしょうがっこう,舞鶴市字高野台１−１,135.3164154,35.42725733,,,職員玄関,,,
岡田小学校,おかだしょうがっこう,舞鶴市字久田美９３０,135.2566207,35.42778973,,,職員玄関,,,
由良川小学校,ゆらがわしょうがっこう,舞鶴市字丸田７４,135.2719212,35.46032464,,,職員玄関,,,
青葉中学校,あおばちゅうがっこう,舞鶴市字行永１８１０,135.4002994,35.46058129,,,職員室内,,,
白糸中学校,しらいとちゅうがっこう,舞鶴市字浜８４０,135.3983303,35.47307996,,,１階生徒ホール横（ＥＶ前）,,,
若浦中学校,わかうらちゅうがっこう,舞鶴市字大波下１８,135.3979646,35.50497064,,,職員玄関,,,
和田中学校,わだちゅうがっこう,舞鶴市字和田６４０−４,135.3529514,35.47441054,,,事務室内,,,
城南中学校,じょうなんちゅうがっこう,舞鶴市字京田３０,135.3274324,35.4278493,,,職員玄関,,,
城北中学校,じょうほくちゅうがっこう,舞鶴市字南田辺１２８,135.3314433,35.44844728,,,職員玄関,,,
加佐中学校,かさちゅうがっこう,舞鶴市字岡田由里２０,135.2282935,35.43015833,,,職員室前廊下,,,
綾部市役所,あやべしやくしょ,綾部市若竹町８−１,135.2588034,35.29888772,,,本庁舎１階玄関フロア,,,
中央公民館,ちゅうおうこうみんかん,綾部市里町久田２１−２０,135.2641112,35.31264165,,,事務室前,,,
中筋公民館,なかすじこうみんかん,綾部市大島町内山田３２,135.2312621,35.30135212,,,事務室前,,,
吉美公民館,よしみこうみんかん,綾部市多田町寺田２−２,135.2699024,35.31797727,,,事務室前,,,
西八田公民館,にしやたこうみんかん,綾部市岡安町岡２２−１,135.2943246,35.33685421,,,事務室前,,,
東八田公民館,ひがしやたこうみんかん,綾部市梅迫町溝尻１−１６,135.3108906,35.34836746,,,事務室前,,,
山家公民館,やまがこうみんかん,綾部市鷹栖町豊後田３２,135.3114274,35.29445683,,,事務室前,,,
口上林公民館,くちかんばやしこうみんかん,綾部市武吉町中井根３５,135.3501175,35.33619549,,,玄関ホール,,,
豊里公民館,とよさとこうみんかん,綾部市栗町大野１−２０２,135.2282228,35.32505399,,,事務室前,,,
物部公民館,ものべこうみんかん,綾部市物部町東野４６−１,135.2243316,35.35130865,,,玄関,,,
志賀郷公民館,しがさとこうみんかん,綾部市志賀郷町北町１７,135.2406254,35.36816758,,,事務室前,,,
中上林公民館,なかかんばやしこうみんかん,綾部市八津合町縄手１,135.4015934,35.36146804,,,玄関ホール,,,
奥上林公民館,おくかんばやしこうみんかん,綾部市故屋岡町三反田１５,135.4590677,35.3851854,,,玄関,,,
綾部市図書館,あやべしとしょかん,綾部市新宮町９１,135.2577691,35.29695111,,,玄関入口,,,
綾部市総合運動公園体育館,あやべしそうごううんどうこうえんたいいくかん,綾部市上杉町大宝山１０,135.3142156,35.36334879,,,ホール右手階段手前,,,
綾部市保健福祉センター,あやべしほけんふくしせんたー,綾部市青野町東馬場下１５−６,135.2543441,35.30247114,,,１階事務室受付窓口,,,
綾部市市民センター,あやべししみんせんたー,綾部市並松町上溝口１４,135.2627949,35.29764429,,,１階男子トイレ前,,,
綾部市なかすじ児童センター,あやべしなかすじじどうせんたー,綾部市中筋町二ノ段１７,135.2920106,35.34454927,,,玄関ホール窓口横,,,
綾部市宮代児童センター,あやべしみやしろじどうせんたー,綾部市宮代町土代２−３,135.242494,35.30182223,,,玄関ホール窓口横,,,
綾部市物部児童館,あやべしものべじどうかん,綾部市物部町西樋ノ口１８,135.2370157,35.3563987,,,玄関内窓口正面,,,
綾部市立物部保育園,あやべしりつものべほいくえん,綾部市物部町建田１５,135.2203233,35.34595833,,,正面玄関内（建物内）,,,
綾部市立綾部小学校,あやべしりつあやべしょうがっこう,綾部市上野町上野１６８,135.258958,35.29506211,,,１階事務室入口前,,,
綾部市立中筋小学校,あやべしりつなかすじしょうがっこう,綾部市大島町外山田８−１,135.2300861,35.30194605,,,１階職員室前,,,
綾部市立豊里小学校,あやべしりつとよさとしょうがっこう,綾部市栗町花貝２,135.2218245,35.31507714,,,１階玄関,,,
綾部市立物部小学校,あやべしりつものべしょうがっこう,綾部市物部町北前田５１,135.2173516,35.35587536,,,１階保健室前,,,
綾部市立志賀小学校,あやべしりつしがしょうがっこう,綾部市志賀郷町丁田８,135.2412612,35.37081545,,,１階職員室前,,,
綾部市立吉美小学校,あやべしりつよしみしょうがっこう,綾部市有岡町田坂１６,135.2671444,35.32599035,,,１階アリーナ,,,
綾部市立西八田小学校,あやべしりつにしやたしょうがっこう,綾部市岡安町家ノ下１０,135.2914231,35.33598839,,,１階職員室前,,,
綾部市立東八田小学校,あやべしりつひがしやたしょうがっこう,綾部市上杉町中島２,135.3137232,35.35474448,,,１階職員室前,,,
綾部市立東綾小学校,あやべしりつとうりょうしょうがっこう,綾部市鷹栖町小丸山２５,135.3148118,35.29701505,,,１階職員室前,,,
綾部市立上林小学校,あやべしりつかんばやししょうがっこう,綾部市八津合町長老段５,135.403766,35.36371264,,,１階玄関,,,
綾部市立綾部中学校,あやべしりつあやべちゅうがっこう,綾部市宮代町明知７,135.245281,35.30076121,,,２階職員室前,,,
綾部市立豊里中学校,あやべしりつとよさとちゅうがっこう,綾部市豊里町三宅５３,135.2129116,35.32065193,,,１階職員室前,,,
綾部市立何北中学校,あやべしりつかほくちゅうがっこう,綾部市物部町高倉前８,135.2247283,35.36222138,,,１階玄関,,,
綾部市立八田中学校,あやべしりつやたちゅうがっこう,綾部市梅迫町大野２０,135.3142965,35.34672952,,,１階職員室前,,,
綾部市立東綾中学校,あやべしりつとうりょうちゅうがっこう,綾部市東山町山家９９,135.3157544,35.29699487,,,１階玄関,,,
綾部市立上林中学校,あやべしりつかんばやしちゅうがっこう,綾部市八津合町片山１７,135.4141985,35.36883703,,,１階玄関,,,
宇治市役所,うじしやくしょ,宇治市宇治琵琶３３,135.7998117,34.88427006,,,１階ロビー,,,
宇治市消防本部,うじししょうぼうほんぶ,宇治市宇治下居１３−２,135.800649,34.88465358,,,２階指令室内,,,
宇治市中消防署,うじしなかしょうぼうしょ,宇治市宇治下居１３−２,135.800649,34.88465358,,,１階事務室内,,,
宇治市西消防署,うじしにししょうぼうしょ,宇治市伊勢田町遊田１０−３,135.7736039,34.88789828,,,２階事務室内,,,
宇治市東消防署,うじしひがししょうぼうしょ,宇治市木幡南端５,135.8005032,34.91984709,,,１階ガレージ横,,,
宇治市中消防署槇島分署,うじしなかしょうぼうしょまきしまぶんしょ,宇治市槙島町吹前９１−１,135.7904511,34.90496361,,,１階事務室内,,,
宇治市西消防署伊勢田分署,うじしにししょうぼうしょいせだぶんしょ,宇治市伊勢田町大谷１９−１,135.7802202,34.88426868,,,１階受付,,,
小倉公民館,おぐらこうみんかん,宇治市小倉町寺内９１,135.785099,34.89815752,,,玄関内,,,
木幡公民館,こはたこうみんかん,宇治市木幡内畑３４−７,135.7949451,34.92524097,,,玄関内,,,
宇治公民館,うじこうみんかん,宇治市宇治里尻７１−９,135.8044037,34.89311663,,,受付向い,,,
広野公民館,ひろのこうみんかん,宇治市広野町寺山１７−４０３,135.7814028,34.87261645,,,玄関内,,,
コミュニティーワーク うじ館,こみゅにてぃわーくうじかん,宇治市宇治善法３１,135.803439,34.88419656,,,事務室,,,
コミュニティーワーク こはた館,こみゅにてぃわーくこはたかん,宇治市木幡河原３−２６,135.7973912,34.93128753,,,玄関内,,,
総合福祉会館,そうごうふくしかいかん,宇治市宇治琵琶４５,135.7998774,34.88328277,,,事務室前,,,
文化会館,ぶんかかいかん,宇治市折居台１丁目１,135.804584,34.87902061,,,中央図書館入口,,,
産業会館,さんぎょうかいかん,宇治市宇治琵琶４５−１３,135.799946,34.88282556,,,エントランスホール,,,
西小倉コミュニティーセンター,にしおぐらこみゅにてぃーせんたー,宇治市小倉町南堀池１０７−１２,135.778852,34.89467928,,,ホール,,,
南宇治コミュニティーセンター,みなみうじこみゅにてぃーせんたー,宇治市大久保町上ノ山４２−３,135.7771228,34.87178039,,,玄関内,,,
槇島コミュニティーセンター,まきしまこみゅにてぃーせんたー,宇治市槙島町大川原２７−５,135.7832632,34.90563037,,,玄関内,,,
西宇治図書館,にしうじとしょかん,宇治市小倉町山際６３−１,135.7754209,34.88853729,,,玄関内,,,
東宇治図書館,ひがしうじとしょかん,宇治市五ケ庄三番割３６−５,135.8035432,34.91658606,,,玄関内,,,
西宇治体育館,にしうじたいいくかん,宇治市小倉町蓮池２０−１,135.7768225,34.89935627,,,受付向い,,,
宇治市黄檗公園体育館,うじしおうばくこうえんたいいくかん,宇治市五ヶ庄三番割,135.8128775,34.91255628,,,３階多目的アリーナ,,,
木幡地域福祉センター,こはたちいきふくしせんたー,宇治市木幡東中４７−４,135.7979181,34.9269063,,,玄関内,,,
開地域福祉センター,ひらきちいきふくしせんたー,宇治市開町４４−１３,135.7836224,34.88124244,,,玄関内,,,
東宇治地域福祉センター,ひがしうじちいきふくしせんたー,宇治市五ケ庄折坂５−１４９,135.8064373,34.9077319,,,玄関内,,,
広野地域福祉センター,ひろのちいきふくしせんたー,宇治市広野町大開７２−１,135.7923835,34.87524542,,,事務室横,,,
槇島地域福祉センター,まきしまちいきふくしせんたー,宇治市槙島町石橋１３,135.7903154,34.90248051,,,受付内,,,
男女共同参画支援センター,だんじょきょうどうさんかくしえんせんたー,宇治市宇治里尻５−９,135.8013207,34.89045666,,,事務室前,,,
生涯学習センター,しょうがいがくしゅうせんたー,宇治市宇治琵琶４５−１４,135.800047,34.8825176,,,玄関内,,,
伊勢田ふれあいセンター,いせだふれあいせんたー,宇治市小倉町西山４４,135.7779208,34.88882738,,,事務室,,,
青少年指導センター,せいしょうねんしどうせんたー,宇治市宇治妙楽１２８−１,135.8049453,34.88977974,,,玄関内,,,
大久保青少年センター,おおくぼせいしょうねんせんたー,宇治市大久保町平盛３０−４,135.7675153,34.86892739,,,事務室,,,
河原青少年センター,かわらせいしょうねんせんたー,宇治市木幡河原５−５,135.7978113,34.93200861,,,玄関内,,,
善法青少年センター,ぜんぽうせいしょうねんせんたー,宇治市宇治善法１１０−１,135.8047567,34.88667769,,,事務室,,,
産業振興センター,さんぎょうしんこうせんたー,宇治市大久保町西ノ端１−２５,135.7674208,34.87741393,,,事務室前,,,
観光センター,かんこうせんたー,宇治市宇治塔川２,135.8088227,34.88884069,,,１階ホール,,,
総合野外活動センター,そうごうやがいかつどうせんたー,宇治市西笠取辻出川西１,135.8558011,34.93391298,,,ホール内事務所,,,
源氏物語ミュージアム,げんじものがたりみゅーじあむ,宇治市宇治東内４５−２６,135.8101647,34.89407188,,,玄関内,,,
植物公園,しょくぶつこうえん,宇治市広野町八軒屋谷２５−１,135.7956932,34.87090782,,,受付横,,,
天ヶ瀬墓地公園,あまがせぼちこうえん,宇治市宇治金井戸７−４４,135.821122,34.87714762,,,事務室前,,,
宇治市斎場,うじしさいじょう,宇治市宇治金井戸７−３７,135.8206947,34.87833272,,,事務室前,,,
東宇治幼稚園,ひがしうじようちえん,宇治市五ケ庄官有地,135.8017356,34.91245361,,,職員室内,,,
神明幼稚園,しんめいようちえん,宇治市宇治野神５７,135.7946782,34.88154144,,,玄関内側,,,
大久保幼稚園,おおくぼようちえん,宇治市大久保町山ノ内３,135.7745165,34.87159583,,,職員室前,,,
木幡幼稚園,こはたようちえん,宇治市木幡桧尾４７−１,135.8026412,34.92489628,,,職員室内,,,
双葉保育所,ふたばほいくしょ,宇治市小倉町西畑１３,135.7827929,34.8882193,,,職員室内,,,
宇治保育所,うじほいくしょ,宇治市宇治弐番８４−１０,135.797292,34.88509463,,,職員室内,,,
木幡保育所,こはたほいくしょ,宇治市木幡東中１０−２,135.7983252,34.92598125,,,職員室内,,,
北木幡保育所,きたこはたほいくしょ,宇治市木幡陣ノ内１,135.7980937,34.93170203,,,職員室内,,,
西小倉保育所,にしおぐらほいくしょ,宇治市伊勢田町遊田６９,135.7729723,34.89119258,,,玄関内側,,,
大久保保育所,おおくぼほいくしょ,宇治市大久保町旦椋２５,135.7668773,34.87083363,,,給食室前,,,
善法保育所,ぜんぽうほいくしょ,宇治市宇治善法１１６−２,135.8048617,34.88689962,,,職員室内,,,
御蔵山小学校,おくらやましょうがっこう,宇治市木幡御蔵山３９−４,135.8099391,34.93013651,,,職員室前,,,
大久保小学校,おおくぼしょうがっこう,宇治市広野町中島１−１,135.7832247,34.87381211,,,職員室前,,,
宇治小学校,うじしょうがっこう,宇治市五ケ庄三番割２７,135.8028935,34.91585075,,,放送室前,,,
小倉小学校,おぐらしょうがっこう,宇治市小倉町西畑１−４,135.7826429,34.8877983,,,職員室前,,,
菟道第二小学校,とどうだいにしょうがっこう,宇治市宇治琵琶６３−３,135.7985016,34.88202256,,,職員室前,,,
岡屋小学校,おかやしょうがっこう,宇治市五ケ庄寺界道３７−３,135.7954426,34.9169671,,,職員室前,,,
伊勢田小学校,いせだしょうがっこう,宇治市伊勢田町井尻３,135.772777,34.884298,,,職員室前,,,
槇島小学校,まきしましょうがっこう,宇治市槙島町吹前３５,135.7908522,34.90315782,,,保健室内,,,
南部小学校,なんぶしょうがっこう,宇治市五ケ庄戸ノ内１５−１,135.7989022,34.90623709,,,職員室内,,,
神明小学校,しんめいしょうがっこう,宇治市神明石塚３２,135.7899391,34.88244845,,,職員室前,,,
大開小学校,おおびらきしょうがっこう,宇治市広野町大開３５,135.7927424,34.87404245,,,職員室前,,,
三室戸小学校,みむろどしょうがっこう,宇治市菟道岡谷１６−２,135.8193776,34.89722237,,,職員室前,,,
木幡小学校,こはたしょうがっこう,宇治市木幡赤塚４,135.8019332,34.93056257,,,職員室前,,,
北槇島小学校,きたまきしましょうがっこう,宇治市槙島町本屋敷４０,135.7805234,34.91466617,,,職員室前,,,
西小倉小学校,にしおぐらしょうがっこう,宇治市伊勢田町遊田６９,135.7723128,34.89213593,,,職員室前,,,
菟道小学校,とどうしょうがっこう,宇治市宇治塔川１０２,135.8088789,34.88636962,,,職員室前,,,
北小倉小学校,きたおぐらしょうがっこう,宇治市小倉町堀池７２,135.7756264,34.89854129,,,職員室前,,,
西大久保小学校,にしおおくぼしょうがっこう,宇治市大久保町旦椋２５,135.7664854,34.87183399,,,職員室前,,,
南小倉小学校,みなみおぐらしょうがっこう,宇治市小倉町南浦４０−１,135.7747549,34.88934334,,,職員室前,,,
平盛小学校,ひらもりしょうがっこう,宇治市大久保町平盛９１−３,135.763889,34.86994107,,,職員室内,,,
笠取第二小学校,かさとりだいにしょうがっこう,宇治市炭山直谷３１,135.8418749,34.91657104,,,職員室前,,,
笠取小学校,かさとりしょうがっこう,宇治市西笠取石原２２,135.8545712,34.93734229,,,職員室前,,,
木幡中学校,こはたちゅうがっこう,宇治市木幡内畑３４,135.7945701,34.92403695,,,職員室前,,,
東宇治中学校,ひがしうじちゅうがっこう,宇治市五ケ庄池ノ浦３６−１,135.8010213,34.91156592,,,職員室前,,,
北宇治中学校,きたうじちゅうがっこう,宇治市槇島町島前３３,135.7875532,34.90008542,,,２階職員室,,,
広野中学校,ひろのちゅうがっこう,宇治市広野町尖山３,135.7942327,34.87278208,,,玄関内側,,,
宇治中学校,うじちゅうがっこう,宇治市宇治矢落６４−１,135.7958645,34.88742818,,,職員室前,,,
西宇治中学校,にしうじちゅうがっこう,宇治市伊勢田町南山２１−１,135.7751315,34.8802656,,,職員室内,,,
槇島中学校,まきしまちゅうがっこう,宇治市槙島町本屋敷３５−１,135.7815331,34.91571957,,,職員室前,,,
南宇治中学校,みなみうじちゅうがっこう,宇治市大久保町平盛３１−５,135.7665693,34.86993065,,,職員室内,,,
西小倉中学校,にしおぐらちゅうがっこう,宇治市伊勢田町遊田７−１,135.7722649,34.8877583,,,職員室前,,,
宮津市役所,みやずしやくしょ,宮津市字柳縄手３４５−１,135.1956473,35.53561523,,,１階市民窓口係カウンター,,,
宮津与謝消防署,みやずよざしょうぼうしょ,宮津市字須津４１３−２６,135.1499332,35.55282031,,,３階事務所,,,
宮津与謝消防署宮津分署,みやずよざしょうぼうしょみやずぶんしょ,宮津市魚屋９１３,135.1957843,35.53637221,,,１階受付,,,
保健センター,ほけんせんたー,宮津市字鶴賀２１０９−２,135.1977435,35.53386739,,,１階玄関,,,
杉末会館,すぎすえかいかん,宮津市字万年１１００,135.187115,35.54554422,,,１階事務所内,,,
宮津市立図書館,みやずしりつとしょかん,宮津市字鶴賀２１６４,135.1978054,35.53835146,,,１階事務所内,,,
宮津運動公園,みやずうんどうこうえん,宮津市字上司２９７,135.2247435,35.54960488,,,球場事務所前,,,
宮津市民体育館,みやずしみんたいいくかん,宮津市字浜町３０００,135.1926461,35.53949619,,,１階玄関ロビー,,,
宮津市福祉センター,みやずふくしせんたー,宮津市字鶴賀２０８５,135.1969053,35.53493218,,,１階事務室横（玄関）,,,
宮津市立由良小学校,みやずしりつゆらしょうがっこう,宮津市字由良１２７６,135.280481,35.51748777,,,１階玄関,,,
宮津市立上宮津小学校,みやずしりつかみみやずしょうがっこう,宮津市字小田２３５,135.1809078,35.50763489,,,１階職員玄関,,,
宮津市立宮津小学校,みやずしりつみやずしょうがっこう,宮津市字外側２５０８,135.1963543,35.53372825,,,１階玄関,,,
宮津市立吉津小学校,みやずしりつよしずしょうがっこう,宮津市字須津１６００,135.1563822,35.55155233,,,体育館（社会人出入口）,,,
宮津市立府中小学校,みやずしりつふちゅうしょうがっこう,宮津市字中野４６８,135.1933063,35.58245387,,,１階職員玄関,,,
宮津市立宮津中学校,みやずしりつみやずちゅうがっこう,宮津市字万年２２０,135.1870933,35.53605822,,,１階玄関,,,
宮津市立栗田中学校,みやずしりつあわたちゅうがっこう,宮津市字上司１５２５,135.2353793,35.54966288,,,１階玄関,,,
宮津市立日置中学校,みやずしりつひおきちゅうがっこう,宮津市字日置１２３０,135.220187,35.60526892,,,１階玄関,,,
宮津市立養老中学校,みやずしりつようろうちゅうがっこう,宮津市字岩ヶ鼻２３,135.2611884,35.66035364,,,１階玄関,,,
亀岡市役所庁舎,かめおかしやくしょ,亀岡市安町野々神８,135.5737523,35.01378016,,,１階エントランス市民ホール前,,,
亀岡市上下水道部庁舎,かめおかしじょうげすいどうぶちょうしゃ,亀岡市北古世町１−２−５,135.5839864,35.01265819,,,２階階段付近通路壁面,,,
亀岡消防署,かめおかしょうぼうしょ,亀岡市荒塚町１−９−１,135.5742865,35.01121593,,,２階事務所,,,
亀岡会館,かめおかかいかん,亀岡市内丸町１−１８,135.5789033,35.01420118,,,会館事務所室内,,,
ガレリアかめおか,がれりあかめおか,亀岡市余部町宝久保１−１,135.5666785,35.01454326,,,１階ロビーギャラリー中央入口,,,
ふれあいプラザ,ふれあいぷらざ,亀岡市余部町樋又６１−１,135.5651358,35.01475508,,,事務室,,,
亀岡市立図書館中央館,かめおかしりつとしょかんちゅうおうかん,亀岡市内丸町２６,135.5783511,35.01378405,,,１階カウンター横,,,
亀岡運動公園,かめおかうんどこうえん,亀岡市曽我部町穴太土渕３３−１,135.5513445,35.01429824,,,体育館事務室入口前,,,
亀岡運動公園,かめおかうんどこうえん,亀岡市曽我部町穴太土渕３３−１,135.5501082,35.01152842,,,競技場事務室内,,,
亀岡運動公園,かめおかうんどこうえん,亀岡市吉川町吉田上河原３４,135.5475918,35.01525464,,,プール管理棟事務室内,,,
さくら公園,さくらこうえん,亀岡市千歳町国分後田１−１,135.5819959,35.04525512,,,体育館事務室内,,,
亀岡市保健センター,かめおかほけんせんたー,亀岡市安町釜ヶ前８２,135.5736423,35.01465915,,,１階事務室内,,,
亀岡市総合福祉センター,かめおかそうごうふくしせんたー,亀岡市内丸町４５−１,135.5785354,35.01423813,,,１階エントランス,,,
亀岡地区自治会連合会,かめおかちくじちかいれんごうかい,亀岡市安町釜ヶ前９−４,135.5739673,35.01301314,,,１階ロビー,,,
東別院町自治会,ひがしべついんじちかい,亀岡市東別院町南掛藤ヶ瀬３−１,135.553501,34.94128128,,,１階事務所,,,
西別院町自治会,にしべついんじちかい,亀岡市西別院町柚原佃１７,135.5102789,34.95202072,,,１階事務所,,,
曽我部町自治会,そかべちょうじちかい,亀岡市曽我部町南条北荒水代４−１,135.549247,34.99860852,,,１階会議室,,,
吉川町自治会,よしかわちょうじちかい,亀岡市吉川町吉田沢６３,135.5466781,35.0162908,,,１階事務所,,,
ひえ田野町自治会,ひえだのちょうじちかい,亀岡市ひえ田野町佐伯西ノ辻９−１,135.5362513,35.01689577,,,１階事務所,,,
本梅町自治会,ほんめちょうじちかい,亀岡市本梅町井手梅原３,135.4864192,35.01328031,,,１階事務所,,,
畑野町自治会,はたのちょうじちかい,亀岡市畑野町千ヶ畑西山５−１,135.4317211,35.01449482,,,１階玄関,,,
東本梅町自治会,ひがしほんめじちかい,亀岡市東本梅町赤熊蟻間野３５−１,135.4719179,35.04927037,,,玄関ホール奥　備品棚,,,
大井町自治会（メディアス亀岡）,おおいちょうじちかい（めでぃあすかめおか）,亀岡市大井町土田２−１１−２０ １１０号,135.554401,35.03266576,,,自治会事務所内,,,
千代川町自治会,ちよかわちょうじちかい,亀岡市千代川町北ノ庄国主ヶ森１９,135.5439492,35.04744032,,,１階事務所前受付カウンター,,,
馬路町自治会,うまじちょうじちかい,亀岡市馬路町流川２−１,135.5623762,35.05455298,,,自治会事務所内,,,
旭町自治会,あさひちょうじちかい,亀岡市旭町年角２５,135.5638179,35.07770483,,,１階会議室,,,
千歳町自治会,ちとせちょうじちかい,亀岡市千歳町千歳垣根２−３,135.5795849,35.05218044,,,自治会事務所内,,,
河原林町自治会,かわらばやしちょうじちかい,亀岡市河原林町河原尻上六反田９−１,135.5698782,35.04299987,,,１階倉庫,,,
保津町自治会,ほずちょうじちかい,亀岡市保津町溝ノ内５３,135.5896971,35.02341594,,,１階廊下,,,
篠町自治会,しのちょうじちかい,亀岡市篠町篠中北裏６８,135.6054171,35.00431196,,,１階事務所,,,
南つつじヶ丘自治会,みなみつつじがおかじちかい,亀岡市南つつじヶ丘大葉台２−４３−３,135.5890266,34.99129927,,,自治会事務所内,,,
亀岡地区東部自治会,かめおかちくとうぶじちかい,亀岡市古世町２−１−２０,135.5854341,35.00751488,,,自治会事務所玄関,,,
亀岡地区中部自治会,かめおかちくちゅうぶじちかい,亀岡市内丸町２５−２３,135.5779993,35.01247661,,,自治会事務所通路,,,
東つつじヶ丘自治会,ひがしつつじがおかじちかい,亀岡市東つつじヶ丘都台２−４,135.5963851,34.99871706,,,自治会事務所内,,,
西つつじヶ丘自治会,にしつつじがおかじちかい,亀岡市西つつじヶ丘大山台１−１２−１３,135.5879984,35.00094057,,,自治会事務所内,,,
亀岡幼稚園,かめおかようちえん,亀岡市下矢田町１−１−１,135.5727835,35.00927088,,,玄関,,,
第２亀岡幼稚園,だいにかめおかようちえん,亀岡市大井町並河検見ヶ上１３,135.5627389,35.02422633,,,玄関,,,
市立本梅保育所,しりつほんめほいくしょ,亀岡市本梅町井手早田垣内１３−２,135.4863383,35.01497327,,,職員室内,,,
市立東本梅保育所,しりつひがしほんめほいくしょ,亀岡市東本梅町東大谷生子田６９,135.4679101,35.05277997,,,職員室内,,,
市立川東保育所,しりつかわひがしほいくしょ,亀岡市馬路町流川３０−１,135.5622363,35.05501402,,,職員室内,,,
市立中部保育所,しりつちゅうぶほいくしょ,亀岡市曽我部町穴太河原口３４−１,135.5472,35.01180094,,,職員室内,,,
市立東部保育所,しりつとうぶほいくしょ,亀岡市篠町野条下川１,135.598648,35.00614399,,,職員室内,,,
市立第六保育所,しりつだいろくほいくしょ,亀岡市北河原町１−１−１,135.5711098,35.01977612,,,職員室内,,,
市立別院保育所,しりつべついんほいくしょ,亀岡市東別院町南掛正之垣内１０,135.5449501,34.94097109,,,職員室内,,,
市立保津保育所,しりつほずほいくしょ,亀岡市保津町五番６０−２,135.5933786,35.02490349,,,職員室内,,,
亀岡小学校,かめおかしょうがっこう,亀岡市内丸町１５,135.5792845,35.01144889,,,体育館入口,,,
安詳小学校,あんしょうしょうがっこう,亀岡市篠町篠中北裏６８,135.6059514,35.00505488,,,１階玄関正面,,,
東別院小学校,ひがしべついんしょうがっこう,亀岡市東別院町東掛岩脇９,135.5507425,34.9451204,,,１階保健室前,,,
西別院小学校,にしべついんしょうがっこう,亀岡市西別院町柚原佃２４,135.5095588,34.95227789,,,児童昇降口,,,
曽我部小学校,そかべしょうがっこう,亀岡市曽我部町南条中荒水代１,135.548585,34.99813153,,,１階職員室前廊下,,,
吉川小学校,よしかわしょうがっこう,亀岡市吉川町穴川平田１７,135.557079,35.01688801,,,１階職員室前廊下,,,
ひえ田野小学校,ひえだのしょうがっこう,亀岡市ひえ田野町佐伯源ノ坊１８,135.5330391,35.01857991,,,１階保健室前廊下,,,
本梅小学校,ほんめしょうがっこう,亀岡市本梅町井手早田垣内２３,135.4861712,35.01440933,,,玄関昇降口,,,
畑野小学校,はたのしょうがっこう,亀岡市畑野町千ヶ畑西山５,135.4308751,35.01495186,,,１階保健室前,,,
青野小学校,あおのしょうがっこう,亀岡市宮前町宮川青野２９,135.4849487,35.04625982,,,体育館スロープ入口,,,
大井小学校,おおいしょうがっこう,亀岡市大井町並河１−３−１,135.5566811,35.03128857,,,本館玄関階段踊り場,,,
千代川小学校,ちよかわしょうがっこう,亀岡市千代川町北ノ庄国主ヶ森２１,135.5434627,35.04807915,,,１階職員室後方入口右側,,,
川東小学校,かわひがししょうがっこう,亀岡市馬路町野堀１−７,135.5648424,35.05964282,,,１階校長室前,,,
保津小学校,ほずしょうがっこう,亀岡市保津町構ノ内２０,135.5903457,35.02411749,,,１階職員室横,,,
つつじヶ丘小学校,つつじがおかしょうがっこう,亀岡市西つつじヶ丘霧島台１−１,135.5885415,34.99980675,,,１階児童昇降口横,,,
城西小学校,じょうせいしょうがっこう,亀岡市余部町前川原４６,135.5720498,35.01571213,,,玄関昇降口横,,,
詳徳小学校,しょうとくしょうがっこう,亀岡市篠町柏原田中３−１,135.5943431,35.00719296,,,保健室前廊下,,,
南つつじヶ丘小学校,みなみつつじがおかしょうがっこう,亀岡市南つつじヶ丘大葉台２−２８−１,135.5901976,34.99282229,,,体育館入口,,,
亀岡中学校,かめおかちゅうがっこう,亀岡市内丸町１３,135.5804082,35.01165949,,,１階職員室前踊り場職員玄関横,,,
別院中学校,べついんちゅうがっこう,亀岡市東別院町南掛一ノ坪１,135.5324294,34.94623475,,,１階職員室,,,
南桑中学校,なんそうちゅうがっこう,亀岡市ひえ田野町太田丸橋１,135.5472824,35.02253801,,,職員室前,,,
育親中学校,いくしんちゅうがっこう,亀岡市本梅町中野和田山１−２,135.4869122,35.02860448,,,職員室横廊下,,,
高田中学校,たかだちゅうがっこう,亀岡市馬路町溝ノ上１４−４,135.5652353,35.05870004,,,体育館入口玄関,,,
東輝中学校,とうきちゅうがっこう,亀岡市篠町広田３−２８−１,135.5937428,34.9946018,,,１階職員玄関,,,
大成中学校,たいせいちゅうがっこう,亀岡市大井町土田１−５−７,135.5508752,35.03837513,,,１階生徒昇降口横,,,
詳徳中学校,しょうとくちゅうがっこう,亀岡市篠町柏原中又７,135.5955256,35.00664124,,,２階職員室,,,
城陽市役所,じょうようしやくしょ,城陽市寺田東ノ口１６、１７,135.7800593,34.85299198,,,本庁舎１階福祉課横,,,
消防本部,しょうぼうほんぶ,城陽市富野久保田１−１,135.7797792,34.84647331,,,１階指令室内,,,
消防本部,しょうぼうほんぶ,城陽市富野久保田１−１,135.7797792,34.84647331,,,２階事務所内,,,
久津川消防分署,くつかわしょうぼうぶんしょ,城陽市平川横道29−1,135.777084,34.86309328,,,２階事務所内,,,
青谷消防分署,あおだにしょうぼうぶんしょ,城陽市中樋ノ上71−16,135.8034012,34.82954583,,,１階事務所内,,,
文化パルク城陽,ぶんかぱるく じょうよう,城陽市寺田今堀１,135.7733623,34.84913292,,,1階事務室前,,,
東部コミュ二ティセンター,とうぶこみゅにてぃーせんたー,城陽市寺田正道１５２,135.7805162,34.8584371,,,１階事務室前,,,
北部コミュ二ティセンター,ほくぶこみゅにてぃーせんたー,城陽市平川広田６７,135.7629953,34.86294232,,,１階事務室前,,,
南部コミュ二ティセンター,なんぶこみゅにてぃーせんたー,城陽市富野東田部７０−１,135.7812584,34.84161377,,,１階事務室前,,,
今池コミュ二ティセンター,いまいけこみゅにてぃーせんたー,城陽市枇杷庄知原１５−１,135.7691102,34.83911491,,,１階事務室前,,,
青谷コミュ二ティセンター,あおだにこみゅにてぃーせんたー,城陽市市辺五島７−１,135.8000941,34.82832585,,,１階事務室前,,,
城陽市総合運動公園,じょうよううんどうこうえん,城陽市寺田奥山１,135.8018305,34.85539627,,,市民体育館1階事務室内,,,
プラムイン城陽,ぷらむいんじょうよう,城陽市寺田大川原２４−４,135.7975275,34.85620422,,,１階売店前,,,
アイリスイン城陽,あいりすいんじょうよう,城陽市寺田大川原２６−８,135.7998058,34.85597478,,,１階ロビー,,,
城陽市男女共同参画支援センター（ぱれっとＪＯＹO）,じょうようだんじょきょうどうさんかくしえんせんたー（ぱれっとJOYO）,城陽市寺田林ノ口１１−１１４,135.7825892,34.85542515,,,1階事務室前,,,
保健センター,ほけんせんたー,城陽市富野久保田１−１,135.7798853,34.84615699,,,１階エレベーター前,,,
城陽市福祉センター,じょうようしふくしせんたー,城陽市寺田東ノ口１７,135.7794237,34.85289436,,,１階事務室前,,,
老人福祉センター　陽寿苑,ろうじんふくしせんたー　ようじゅえん,城陽市奈島川原口２０,135.7921262,34.82683684,,,１階事務室横,,,
老人福祉センター　陽幸苑,ろうじんふくしせんたー　ようこうえん,城陽市寺田乾出北５５,135.7687733,34.85596598,,,２階事務室横,,,
老人福祉センター　陽和苑,ろうじんふくしせんたー　ようわえん,城陽市平川大将軍２,135.7708206,34.86572427,,,１階事務室横,,,
老人福祉センター　陽東苑,ろうじんふくしせんたー　ようとうえん,城陽市久世芝ケ原１３１,135.783271,34.86090563,,,１階事務室横,,,
古川小学校,ふるかわしょうがっこう,城陽市上津屋境端５７,135.7591378,34.86425462,,,管理棟２階職員室前,,,
深谷小学校,ふかたにしょうがっこう,城陽市寺田深谷１１１−２,135.7897917,34.85820043,,,管理棟１階職員室前廊下,,,
寺田小学校,てらだしょうがっこう,城陽市寺田北山田２,135.7801961,34.85628916,,,管理棟１階職員室前廊下,,,
寺田南小学校,てらだみなみしょうがっこう,城陽市寺田新池２３−１,135.7819762,34.84881998,,,北棟１階職員室前廊下,,,
寺田西小学校,てらだにししょうがっこう,城陽市寺田西ノ口６５,135.7653768,34.85525117,,,管理棟２階職員室前廊下,,,
富野小学校,とのしょうがっこう,城陽市富野堀口１,135.7879807,34.83848053,,,管理棟２階職員室前廊下,,,
今池小学校,いまいけしょうがっこう,城陽市寺田大畔１７７−１,135.7713465,34.84516086,,,管理棟２階職員室前廊下,,,
久津川小学校,くつかわしょうがっこう,城陽市平川指月１,135.7738051,34.86407634,,,管理棟１階職員室前廊下,,,
久世小学校,くせしょうがっこう,城陽市久世芝ケ原１４３,135.7802956,34.86100298,,,管理棟１階職員室前廊下,,,
青谷小学校,あおだにしょうがっこう,城陽市中向河原１,135.8036011,34.82990882,,,管理棟１階職員室前廊下,,,
城陽中学校,じょうようちゅうがっこう,城陽市寺田北山田３５,135.7835181,34.85717011,,,管理棟２階職員室前,,,
西城陽中学校,にしじょうようちゅうがっこう,城陽市寺田乾出北８２,135.7654003,34.85615298,,,北校舎２階職員室内,,,
南城陽中学校,みなみじょうようちゅうがっこう,城陽市観音堂巽畑１７−４,135.7992872,34.83435283,,,管理棟１階職員室前廊下,,,
東城陽中学校,ひがしじょうようちゅうがっこう,城陽市久世上大谷２４,135.794626,34.86395967,,,特別教室棟２階職員室前廊下,,,
北城陽中学校,きたじょうようちゅうがっこう,城陽市平川長筬３３,135.7640752,34.86842495,,,管理棟２階職員室前廊下,,,
市役所庁舎本館,むこうしやくしょほんかん,向日市寺戸町中野２０,135.6983062,34.94874114,,,１階ロビー,,,
市役所庁舎西別館,むこうしやくしょにしべっかん,向日市寺戸町中野１７,135.6974732,34.94833511,,,１階ロビー,,,
向日消防署,むこうしょうぼうしょ,向日市寺戸町西ノ段９−８,135.7003632,34.94720912,,,１階玄関内,,,
向日市民会館,むこうしみんかいかん,向日市寺戸町中ノ段１７−１,135.7009361,34.94665414,,,玄関ロビー,,,
向日市福祉会館,むこうふくしかいかん,向日市寺戸町西野辺１−７,135.7001051,34.94827115,,,１階事務室内,,,
物集女公民館,もずめこうみんかん,向日市物集町中条２６,135.6945214,34.96209308,,,玄関ロビー,,,
寺戸公民館,てらどこうみんかん,向日市寺戸町初田１８,135.7027491,34.95256417,,,玄関ロビー,,,
森本公民館,もりもとこうみんかん,向日市森本町前田６−７,135.7090672,34.94700112,,,玄関ロビー,,,
鶏冠井公民館,かいでこうみんかん,向日市鶏冠井町御屋敷２６,135.706546,34.94399296,,,玄関ロビー,,,
上植野公民館,かみうえのこうみんかん,向日市上植野町西小路１５,135.7038828,34.93621665,,,実習室前,,,
向日コミュニティセンター,むこうこみゅにてぃーせんたー,向日市向日町南山３−３,135.7000069,34.94410581,,,１階事務室前,,,
西向日コミュニティセンター,にしむこうこみゅにてぃーせんたー,向日市上植野町御塔道７−５,135.7016709,34.93974495,,,１階事務室前,,,
向日市図書館,むこうしとしょかん,向日市寺戸町南垣内４０−１,135.6994501,34.94938916,,,１階階段登り口,,,
向日市民体育館,むこうしみんたいいくかん,向日市森本町小柳２３−１,135.712834,34.94607012,,,１階ロビー,,,
向日市民温水プール,むこうしおんすいぷーる,向日市鶏冠井町上古８−１,135.7129318,34.94402904,,,１階ロビー事務室前,,,
向日市民温水プール,むこうしおんすいぷーる,向日市鶏冠井町上古８−１,135.7129318,34.94402904,,,１階ロビー事務室内,,,
向日市健康増進センター,むこうしけんこうぞうしんせんたー,向日市鶏冠井町上古８−１,135.7130896,34.9444468,,,１階フロント前,,,
向日市健康増進センター,むこうしけんこうぞうしんせんたー,向日市鶏冠井町上古８−１,135.7130896,34.9444468,,,２階トレーニングルーム内,,,
向日市保健センター,むこうしほけんせんたー,向日市寺戸町東野辺３１,135.7043142,34.94740514,,,１階事務室受付横,,,
老人福祉センター桜の径,ろうじんふくしせんたーさくらのみち,向日市上植野町南開６６−１,135.704425,34.94114293,,,１階事務室横,,,
老人福祉センター琴の橋,ろうじんふくしせんたーことのはし,向日市寺戸町三ノ坪２０,135.7016093,34.95916838,,,１階事務室横,,,
勝山中学校,かつやまちゅうがっこう,向日市鶏冠井町楓畑２４,135.7016254,34.94259369,,,１階職員室内,,,
西ノ岡中学校,にしのおかちゅうがっこう,向日市物集女町吉田１,135.6983236,34.96733357,,,玄関ホール内,,,
寺戸中学校,てらどちゅうがっこう,向日市寺戸町蔵ノ町１,135.7053663,34.95895831,,,２階職員室内,,,
向陽小学校,こうようしょうがっこう,向日市向日町南山３,135.6994869,34.94371698,,,１階保健室内,,,
第２向陽小学校,だいにこうようしょうがっこう,向日市物集町南条７０,135.6954866,34.95768901,,,正面玄関ホール内,,,
第３向陽小学校,だいさんこうようしょうがっこう,向日市森本町下森本３０,135.7064421,34.94930313,,,正面玄関ホール内,,,
第４向陽小学校,だいよんこうようしょうがっこう,向日市寺戸町三ノ坪２０,135.7016093,34.95916838,,,正面玄関ホール内,,,
第５向陽小学校,だいごこうようしょうがっこう,向日市上植野町五ノ坪１,135.7109188,34.93689402,,,１階保健室内,,,
第６向陽小学校,だいろくこうようしょうがっこう,向日市寺戸町大牧２４,135.6912624,34.95380236,,,１階保健室西側通路,,,
第１保育所,だいいちほいくしょ,向日市向日町北山２１,135.6990899,34.94449893,,,１階職員室内,,,
第２保育所,だいにほいくしょ,向日市物集町南条６３−２,135.6960801,34.95778587,,,１階職員室内,,,
レイモンド向日保育園,れいもんどむこうほいくえん,向日市森本町石田13-3,135.7113825,34.94641785,,,事務室内,,,
第５保育所,だいごほいくしょ,向日市寺戸町三ノ坪１４,135.7026484,34.95892735,,,１階職員室内,,,
第６保育所,だいろくほいくしょ,向日市上植野町地田５−３,135.7102047,34.93868104,,,１階職員室内,,,
長岡京市役所,ながおかきょうしやくしょ,長岡京市開田１−１−１,135.6957811,34.92678339,,,南棟１階玄関ロビー,,,
長岡京市役所　分庁舎３,ながおかきょうしやくしょぶんちょうしゃ3,長岡京市開田３−３−３６,135.6950431,34.92569535,,,１階玄関内,,,
乙訓消防組合消防本部東分署,おとくにしょうぼうくみあいしょうぼうほんぶひがしぶんしょ,長岡京市神足芝本９,135.7059308,34.92195868,,,１階玄関内,,,
長岡京消防署,ながおかきょうしょうぼうしょ,長岡京市天神４−２−１,135.6887541,34.92762633,,,１階玄関内,,,
中央公民館,ちゅうおうこうみんかん,長岡京市天神４−１−１,135.6883821,34.92704635,,,１階玄関ロビー,,,
市立保健センター,しりつほけんせんたー,長岡京市今里北ノ町３９−５,135.6950913,34.93527441,,,１階玄関ロビー,,,
西山公園体育館,にしやまこうえんたいいくかん,長岡京市長法寺谷山１,135.6774102,34.93213127,,,１階玄関エントランスホール,,,
長岡京市スポーツセンター,ながおかきょうしすぽーつせんたー,長岡京市神足下八ノ坪１,135.7114922,34.91956596,,,玄関受付前,,,
多世代交流ふれあいセンター,たせだいこうりゅうふれあいせんたー,長岡京市長法寺谷山１３−１,135.6772392,34.93079735,,,１階玄関エントランスホール,,,
長岡公園,ながおかこうえん,長岡京市天神２丁目１０１−１０,135.6856216,34.92208894,,,テニス管理事務所１階受付前,,,
神足小学校,こたりしょうがっこう,長岡京市神足３−２−１,135.6969721,34.92282138,,,南校舎１階保健室内,,,
長法寺小学校,ちょうほうじしょうがっこう,長岡京市長法寺川原谷３１,135.6828502,34.92911635,,,１階職員室横保健室内,,,
長岡第三小学校,ながおかだいさんしょうがっこう,長岡京市今里４−５−１０,135.6890166,34.93738668,,,南校舎１階保健室内,,,
長岡第四小学校,ながおかだいよんしょうがっこう,長岡京市友岡１−２−４,135.6917201,34.91816239,,,本館１階保健室内,,,
長岡第五小学校,ながおかだいごしょうがっこう,長岡京市下海印寺東山１,135.6816055,34.92121451,,,南校舎１階保健室内,,,
長岡第六小学校,ながおかだいろくしょうがっこう,長岡京市長岡２−３−１,135.6902711,34.92896836,,,北校舎１階保健室内,,,
長岡第七小学校,ながおかだいななしょうがっこう,長岡京市今里北ノ町３５,135.6945318,34.93580488,,,１階北側保健室内,,,
長岡第八小学校,ながおかだいはちしょうがっこう,長岡京市勝竜寺２９−１,135.6997606,34.91471362,,,北校舎１階保健室内,,,
長岡第九小学校,ながおかだいきゅうしょうがっこう,長岡京市東神足２−１７−１,135.7030939,34.92047272,,,南校舎１階保健室内,,,
長岡第十小学校,ながおかだいじゅうしょうがっこう,長岡京市井ノ内玉ノ上２２,135.6891573,34.94380475,,,南校舎１階保健室内,,,
長岡中学校,ながおかちゅうがっこう,長岡京市天神４−５−１,135.6871581,34.92788537,,,中校舎１階保健室内,,,
長岡第二中学校,ながおかだいにちゅうがっこう,長岡京市今里５−２０−１,135.6878428,34.93757749,,,南校舎１階保健室内,,,
長岡第三中学校,ながおかだいさんちゅうがっこう,長岡京市勝竜寺２８−１,135.6983808,34.91561655,,,中校舎１階保健室内,,,
長岡第四中学校,ながおかだいよんちゅうがっこう,長岡京市下海印寺西山田１−１,135.6782586,34.91729173,,,保健室内,,,
八幡市役所,やわたしやくしょ,八幡市園内７５,135.7076412,34.87554474,,,１階事務所西側通路,,,
八幡市第二分庁舎,やわたしだいにぶんちょうしゃ,八幡市八幡三本橋５９−９,135.7070753,34.87727567,,,１階玄関事務所,,,
八幡市民体育館,やわたしみんたいいくかん,八幡市野尻正畑１２,135.7437105,34.86276393,,,１階玄関,,,
市営南ヶ丘浴場,しえいみなみがおかよくじょう,八幡市八幡長田９７,135.7046071,34.86714563,,,待合室,,,
さつき市民プール,さつきしみんぷーる,八幡市男山笹谷１,135.6950416,34.87041731,,,管理事務所,,,
男山レクレーションセンター,おとこやまれくれしょんせんたー,八幡市八幡大谷８５−２１,135.6957644,34.87959663,,,事務所,,,
生涯学習センター,しょうがいがくしゅうせんたー,八幡市男山竹園２−３,135.6971056,34.85603046,,,１階玄関,,,
男山児童センター,おとこやまじどうせんたー,八幡市男山八望３−１,135.6985209,34.8628908,,,玄関,,,
指月児童センター,しげつじどうせんたー,八幡市男山指月３−１１,135.6960834,34.87027875,,,玄関,,,
竹園児童センター,たけぞのじどうせんたー,八幡市男山竹園２−６,135.6967816,34.85565148,,,玄関,,,
橋本児童センター,はしもとじどうせんたー,八幡市西山足立２８−１,135.6882374,34.87367976,,,職員室,,,
南ヶ丘児童センター,みなみがおかじどうせんたー,八幡市八幡軸２９−４,135.7056193,34.87024073,,,玄関,,,
都児童センター,みやこじどうせんたー,八幡市下奈良今里１７,135.7246465,34.87086063,,,玄関前通路,,,
老人憩いの家八寿園,ろうじんいこいのいえはちじゅえん,八幡市男山美桜１８,135.699768,34.8639352,,,事務所前大広間,,,
みその保育園,みそのほいくえん,八幡市八幡園内９２−１,135.7086002,34.87533366,,,玄関,,,
南ヶ丘保育園,みなみがおかほいくえん,八幡市八幡小松３３,135.70879,34.86729932,,,職員室,,,
南ヶ丘第二保育園,みなみがおかだいにほいくえん,八幡市八幡三反長１０,135.7077121,34.86482765,,,職員室,,,
みやこ保育園,みやこほいくえん,八幡市下奈良今里１７,135.7246465,34.87086063,,,職員室,,,
有都こども園,ゆうとこどもえん,八幡市内里北ノ口７,135.7277113,34.86395509,,,職員室,,,
わかたけ保育園,わかたけほいくえん,八幡市男山笹谷６−１,135.6990729,34.86513463,,,職員室,,,
さくら小学校,さくらしょうがっこう,八幡市男山美桜１７,135.6987082,34.86498164,,,保健室前通路,,,
中央小学校,ちゅうおうしょうがっこう,八幡市八幡小松７７,135.7088257,34.86949976,,,職員室,,,
橋本小学校,はしもとしょうがっこう,八幡市橋本中ノ池尻１５,135.6864164,34.8735788,,,職員室,,,
南山小学校,みなみやましょうがっこう,八幡市八幡南山７,135.7059594,34.85599756,,,職員室,,,
美濃山小学校,みのやましょうがっこう,八幡市欽明台西７０,135.7125723,34.84121565,,,職員室前廊下,,,
八幡小学校,やわたしょうがっこう,八幡市八幡菖蒲池１２,135.7052094,34.87840785,,,職員室前廊下,,,
くすのき小学校,くすのきしょうがっこう,八幡市男山金振９,135.6946555,34.85760429,,,職員室前廊下,,,
有都小学校,ゆうとしょうがっこう,八幡市内里北ノ山３１,135.7310451,34.8640551,,,職員玄関前,,,
男山東中学校,おとこやまひがしちゅうがっこう,八幡市内里砂畠１−１,135.7197969,34.85274934,,,職員玄関前,,,
男山中学校,おとこやまちゅうがっこう,八幡市八幡柿木垣内１８,135.7080551,34.87230876,,,２階西側職員室前通路,,,
男山第二中学校,おとこやまだいにちゅうがっこう,八幡市男山石城３,135.6977572,34.85997358,,,職員室前通路,,,
男山第三中学校,おとこやまだいさんちゅうがっこう,八幡市男山笹谷３,135.694289,34.86887289,,,職員玄関前,,,
京田辺市役所,きょうたなべしやくしょ,京田辺市田辺８０,135.7676988,34.81443285,,,正面玄関,,,
中央公民館,ちゅうおうこうみんかん,京田辺市田辺丸山２１４,135.7687708,34.81336986,,,ロビー,,,
天王公民館,てんのうざんこうみんかん,京田辺市天王下垣内４８,135.7375752,34.77971108,,,入り口付近,,,
打田公民館,うちだこうみんかん,京田辺市打田宮本４−１,135.7383571,34.75571498,,,入り口付近,,,
高船公民館,たかふねこうみんかん,京田辺市高船里５７,135.7325919,34.76932663,,,入り口付近,,,
中央図書館,ちゅうおうとしょかん,京田辺市田辺辻４０,135.7674557,34.82084312,,,正面玄関付近,,,
中部住民センター,ちゅうぶじゅうみんせんたー,京田辺市草内美泥２２−２,135.7878966,34.81886724,,,ロビー,,,
北部住民センター,ほくぶじゅうみんせんたー,京田辺市大住内山１−１,135.7417011,34.83559932,,,ロビー,,,
リサイクルプラザ,りさいくるぷらざ,京田辺市田辺茂ケ谷５８,135.7508822,34.80672837,,,入り口付近,,,
竜王野外活動センター,りゅうおうやがいかつどうせんたー,京田辺市大住竜王谷９−１,135.737657,34.82276986,,,ロビー,,,
保健センター,ほけんせんたー,京田辺市田辺７８,135.7683925,34.81457724,,,入り口付近,,,
社会福祉センター,しゃかいふくしせんたー,京田辺市興戸犬伏５−８,135.7723337,34.81302508,,,ロビー,,,
三山木福祉会館,みやまぎふくしかいかん,京田辺市三山木谷垣内６−１,135.7795068,34.79788137,,,ロビー,,,
常磐苑,ときわえん,京田辺市草内五ノ坪６,135.7829107,34.80668271,,,正面玄関,,,
宝生苑,ほうじょうえん,京田辺市大住内山７,135.7407281,34.83403631,,,正面玄関,,,
大住幼稚園,おおすみようちえん,京田辺市大住池平３２−４,135.7414851,34.83677198,,,職員室,,,
田辺東幼稚園,たなべひがしようちえん,京田辺市東西ノ口５１,135.7788466,34.82639234,,,職員室,,,
田辺幼稚園,たなべようちえん,京田辺市田辺鳥本７３,135.7683487,34.81717085,,,職員室,,,
草内幼稚園,くさうちようちえん,京田辺市草内南垣内５７−１,135.785743,34.81081461,,,職員室,,,
三山木幼稚園,みやまぎようちえん,京田辺市三山木南垣内４−１,135.7844455,34.79505337,,,職員室,,,
松井ケ丘幼稚園,まついがおかようちえん,京田辺市大住上西野２０−５,135.7359041,34.83598732,,,職員室,,,
薪幼稚園,たきぎようちえん,京田辺市薪大欠５１,135.7540369,34.82093005,,,職員室,,,
普賢寺幼稚園,ふげんじようちえん,京田辺市水取門田６−３,135.7522117,34.78295931,,,職員室,,,
河原保育所,かわらほいくしょ,京田辺市河原神谷６９,135.776728,34.82254376,,,職員室,,,
草内保育所,くさうちほいくしょ,京田辺市草内五反田２２−１,135.7821146,34.81476801,,,玄関入り口,,,
三山木保育所,みやまぎほいくしょ,京田辺市三山木南垣内３７,135.781978,34.79298715,,,職員室,,,
南山保育所,みなみやまほいくしょ,京田辺市三山木南山６３,135.7778649,34.79642336,,,職員室,,,
大住小学校,おおすみしょうがっこう,京田辺市大住池平８８,135.741255,34.83488277,,,職員室,,,
松井ケ丘小学校,まついがおかしょうがっこう,京田辺市大住上西野１８−２,135.7349292,34.83656828,,,職員室,,,
田辺小学校,たなべしょうがっこう,京田辺市田辺鳥本１０２,135.7702725,34.81700754,,,職員室,,,
薪小学校,たきぎしょうがっこう,京田辺市薪堀切谷１,135.7540359,34.81968769,,,職員室,,,
草内小学校,くさうちしょうがっこう,京田辺市草内南垣内５３,135.7856175,34.81180424,,,職員室,,,
桃園小学校,ももぞのしょうがっこう,京田辺市大住仲ノ谷１２−１,135.7456508,34.82553036,,,職員室,,,
三山木小学校,みやまぎしょうがっこう,京田辺市宮津宮ノ下４−３,135.7846067,34.79414665,,,職員室,,,
普賢寺小学校,ふげんじしょうがっこう,京田辺市水取門田６−１,135.7522621,34.78245403,,,職員室,,,
田辺東小学校,たなべひがししょうがっこう,京田辺市東西ノ口６０−２,135.7788046,34.82667533,,,職員室,,,
田辺中学校,たなべちゅうがっこう,京田辺市興戸北鉾立２１,135.7702978,34.81281283,,,職員室,,,
大住中学校,おおすみちゅうがっこう,京田辺市大住池平２,135.74117,34.83488935,,,職員室,,,
培良中学校,ばいりょうちゅうがっこう,京田辺市東七反割３,135.7843826,34.82060736,,,職員室,,,
田辺中央体育館,たなべちゅうおうたいいくかん,京田辺市田辺丸山１９,135.7664297,34.81513485,,,玄関付近,,,
田辺公園プール,たなべこうえんぷーる,京田辺市田辺丸山８,135.7655627,34.81450484,,,事務所,,,
水道部事業所,すいどうぶじぎょうしょ,京田辺市興戸犬伏１８−１,135.7716948,34.81338782,,,玄関付近,,,
新田辺駅東自転車駐車場,しんたなべえきひがしじてんしゃちゅうしゃじょう,京田辺市河原食田１０番地８０・８１,135.7732352,34.82163959,,,事務所付近,,,
ＪＲ三山木駅南北自転車駐車場,JRみやまぎえきなんぼくじてんしゃちゅうしゃじょう,京田辺市三山木柳ヶ町４−１,135.7842919,34.79864657,,,事務所付近,,,
ＪＲ京田辺駅西自転車駐車場,JRきょうたなべえきにしじてんしゃちゅうしゃじょう,京田辺市田辺久戸２−４,135.7683561,34.82101612,,,事務所付近,,,
京丹後市役所,きょうたんごしやくしょ,京丹後市峰山町杉谷８８９,135.0609859,35.62424467,,,１階正面玄関付近,,,
京丹後市大宮庁舎,きょうたんごしおおみやちょうしゃ,京丹後市大宮町口大野２２６,135.0958724,35.5834981,,,２階正面玄関付近,,,
京丹後市丹後庁舎,きょたんごしたんごちょうしゃ,京丹後市丹後町間人１７８０,135.10205,35.74011155,,,１階正面玄関付近,,,
京丹後市弥栄庁舎,きょたんごしやさかちょうしゃ,京丹後市弥栄町溝谷３４５０,135.0917141,35.65859017,,,１階正面玄関付近,,,
京丹後市久美浜庁舎,きょたんごしくみはまちょうしゃ,京丹後市久美浜町８１４,134.8950288,35.60342449,,,１階正面玄関付近,,,
ら・ぽーと,らぽーと,京丹後市網野町網野３８５−１,135.0257302,35.68215509,,,１階正面玄関付近,,,
峰山総合福祉センター,みねやまそうごうふくしせんたー,京丹後市峰山町杉谷６９１,135.0608053,35.62495253,,,１階正面玄関付近,,,
やさか老人保健施設ふくじゅ,やさかろうじんふくししせつふくじゅ,京丹後市弥栄町溝谷５４２２−１,135.0896221,35.65788214,,,２階ナースステーション内,,,
市立佐濃デイサービスセンター,しりつさのでいさーびすせんたー,京丹後市久美浜町竹藤４０,134.9614535,35.59442989,,,事務所内,,,
峰山保育所,みねやまほいくしょ,京丹後市峰山町杉谷２８３,135.0633644,35.62294795,,,職員室内,,,
吉原保育所,よしわらほいくしょ,京丹後市峰山町菅２２８,135.0579392,35.61116711,,,職員室内,,,
五箇保育所,ごかほいくしょ,京丹後市峰山町五箇２,135.0373969,35.58971313,,,職員室内,,,
長岡保育所,ながおかほいくしょ,京丹後市峰山町長岡９３,135.0701095,35.60303445,,,玄関,,,
新山保育所,しんざんほいくしょ,京丹後市峰山町荒山１２３１,135.0841586,35.61338313,,,職員室内,,,
丹波保育所,たんばほいくしょ,京丹後市峰山町丹波１４０３,135.0727852,35.63230401,,,玄関,,,
口大野保育所,くちおおのほいくしょ,京丹後市大宮町口大野６２５,135.0910984,35.58351312,,,職員室内,,,
大宮南保育所,おおみやみなみほいくしょ,京丹後市大宮町周枳１６７,135.1013753,35.58210989,,,職員室内,,,
河辺保育所,こうべほいくしょ,京丹後市大宮町河辺２３４２,135.089884,35.60393039,,,職員室前ホール,,,
善王寺保育所,ぜんのうじほいくしょ,京丹後市大宮町善王寺１０５８,135.0798735,35.59384753,,,職員室内,,,
網野保育所,あみのほいくしょ,京丹後市網野町網野７２１,135.0264901,35.68367349,,,職員室内,,,
網野みなみ保育所,あみのみなみほいくしょ,京丹後市網野町小浜１３３,135.0299412,35.67055102,,,職員室内,,,
浅茂川保育所,あさもがわほいくしょ,京丹後市網野町浅茂川１４,135.0207304,35.68555976,,,職員室内,,,
島津保育所,しまずほいくしょ,京丹後市網野町島津１１８０,135.050528,35.68399707,,,職員室内,,,
たちばな保育所,たちばなほいくしょ,京丹後市網野町木津１３５７−３,134.9675711,35.65380089,,,職員室内,,,
丹後保育所,たんごほいくしょ,京丹後市丹後町間人３００,135.0989197,35.72818511,,,職員室内,,,
宇川保育所,うかわほいくしょ,京丹後市丹後町中野２４２,135.1630768,35.74365873,,,職員室内,,,
和田野保育所,わだのほいくしょ,京丹後市弥栄町和田野１０２５,135.086571,35.66042416,,,職員室内,,,
鳥取保育所,とっとりほいくしょ,京丹後市弥栄町木橋２５,135.0767583,35.67388099,,,職員室内,,,
黒部保育所,くろべほいくしょ,京丹後市弥栄町黒部２８８０,135.0993609,35.67973999,,,職員室内,,,
溝谷保育所,みぞたにほいくしょ,京丹後市弥栄町堤３４３５,135.0944901,35.65646814,,,職員室内,,,
吉野保育所,よしのほいくしょ,京丹後市弥栄町芋野１２１３,135.0898961,35.64701623,,,職員室内,,,
久美浜保育所,くみはまほいくしょ,京丹後市久美浜町１３２２,134.8918698,35.60333356,,,職員室内,,,
湊保育所,みなとほいくしょ,京丹後市久美浜町湊宮２１０２−１,134.9110223,35.64351505,,,職員室内,,,
神野保育所,かんのほいくしょ,京丹後市久美浜町浦明１０５０,134.9242313,35.62560081,,,職員室前ホール,,,
田村保育所,たむらほいくしょ,京丹後市久美浜町関６２１,134.9446305,35.62071091,,,職員室内,,,
こうりゅう保育所,こうりゅうほいくしょ,京丹後市久美浜町永留２４６−４,134.941426,35.58907619,,,職員室内,,,
吉原小学校,よしわらしょうがっこう,京丹後市峰山町安９,135.0546202,35.61718001,,,１階職員室内,,,
五箇小学校,ごかしょうがっこう,京丹後市峰山町五箇１,135.0363939,35.59077718,,,１階職員室内,,,
大宮第二小学校,おみやだいに しょうがっこう,京丹後市大宮町奥大野７２,135.0888062,35.56533765,,,１階職員室内,,,
大宮第三小学校,おみやだいさんしょうがっこう,京丹後市大宮町森本７８２,135.1350926,35.5889642,,,１階職員室内,,,
三津小学校,みつしょうがっこう,京丹後市網野町三津２７,135.0664486,35.70592127,,,１階職員室内,,,
橘小学校,たちばなしょうがっこう,京丹後市網野町木津１３５７,134.9666493,35.65531199,,,１階職員室内,,,
宇川小学校,うかわしょうがっこう,京丹後市丹後町上野１２０,135.1725509,35.75206997,,,１階職員室内,,,
野間小学校,のましょうがっこう,京丹後市弥栄町野中２２６４,135.1570528,35.68527809,,,１階児童昇降口,,,
川上小学校,かわかみしょうがっこう,京丹後市久美浜町畑３９４,134.9322721,35.55612566,,,１階職員室内,,,
田村小学校,たむらしょうがっこう,京丹後市久美浜町関４９５,134.9455972,35.6203565,,,１階職員室内,,,
湊小学校,みなとしょうがっこう,京丹後市久美浜町湊宮１６５５,134.9022634,35.64271321,,,１階職員室内,,,
佐濃小学校,さのしょうがっこう,京丹後市久美浜町安養寺５８１,134.9618318,35.5815488,,,１階職員室内,,,
峰山中学校,みねやまちゅうがっこう,京丹後市峰山町荒山８８,135.0733626,35.61954338,,,１階職員室内,,,
大宮中学校,おおみやちゅうがっこう,京丹後市大宮町口大野２１６,135.0967254,35.58241206,,,１階職員室内,,,
宇川中学校,うかわちゅうがっこう,京丹後市丹後町上野１０５−１,135.1698613,35.75039389,,,１階校長室内,,,
間人中学校,たいざちゅうがっこう,京丹後市丹後町間人３２０,135.0971761,35.73093696,,,１階職員玄関,,,
網野中学校,あみのちゅうがっこう,京丹後市網野町網野２６９６,135.0324968,35.68509851,,,１階職員室内,,,
橘中学校,たちばなちゅうがっこう,京丹後市網野町木津１３５７,134.9664201,35.6563772,,,１階職員室内,,,
久美浜中学校,くみはまちゅうがっこう,京丹後市久美浜町６４０,134.895144,35.60148238,,,１階職員室内,,,
高龍中学校,こうりゅうちゅうがっこう,京丹後市久美浜町新谷２５０,134.937548,35.57766432,,,１階職員玄関,,,
市役所本庁,しやくしょほんちょう,南丹市園部町小桜町４７,135.4698667,35.10712857,,,１号庁舎１階市民課カウンター前,,,
南丹市役所八木支所,なんたんしやくしょやぎししょ,南丹市八木町八木東久保２９−１,135.532234,35.07062268,,,１号庁舎１階市民課カウンター前,,,
南丹市役所日吉支所,なんたんしやくしょひよしししょ,南丹市日吉町保野田市野３−１,135.5015975,35.16447516,,,２階ロビー,,,
南丹市役所美山支所,なんたんしやくしょみやまししょ,南丹市美山町島島台５１,135.5499565,35.27213378,,,２階ロビー正面,,,
宮島振興会,みやじましんこうかい,南丹市美山町島往古瀬２９,135.5509955,35.27214278,,,玄関入口,,,
大野振興会,おおのしんこうかい,南丹市美山町大野広畑１−２,135.5124487,35.27805294,,,玄関入った所,,,
平屋振興会,ひらやしんこうかい,南丹市美山町安掛下２５,135.5870987,35.27589709,,,事務所内　入口の右手,,,
知井振興会,ちいしんこうかい,南丹市美山町中上前８３,135.6389764,35.31188615,,,入口左側(男子便所入口と女子便所入口の間）,,,
鶴ケ岡振興会,つるがおかしんこうかい,南丹市美山町鶴ヶ岡新釈迦堂前１,135.5572872,35.32215017,,,玄関入った正面,,,
南丹市園部公民館,なんたんしそのべこうみんかん,南丹市園部町上本町南２−２２,135.4704598,35.10919259,,,１ 階ロビー　公衆電話横,,,
南丹市八木公民館,なんたんしやぎこうみんかん,南丹市八木町八木東久保２３,135.532689,35.07100404,,,１ 階ロビー　公衆電話横,,,
南丹市国際交流会館,なんたんしこくさいこうりゅうかいかん,南丹市園部町小桜町６２−１,135.4708208,35.10668058,,,１階ロビー,,,
南丹市日吉町生涯学習センター,なんたんしひよしちょうしょうがいがくしゅうせんたー,南丹市日吉町保野田長通２４,135.4894355,35.18040219,,,１階エントランス受付窓口横,,,
日吉駅交流センター,ひよしえきこうりゅうせんたー,南丹市日吉町保野田市野１−４,135.5029664,35.16264726,,,日吉駅　交流センター内待合室,,,
南丹市日吉胡麻コミュニティセンター,なんたんしひよしごまこみゅにてぃーせんたー,南丹市日吉町胡麻的場１−２,135.4685881,35.19541052,,,胡麻屋店内　コンコース側入口から入ったところ,,,
南丹市園部南部コミュニティセンター,なんたんしそのべなんぶこみゅにてぃーせんたー,南丹市園部町城南町クゴ３,135.4670662,35.10016823,,,１階　玄関前,,,
スプリングスひよし,すぷりんぐすひよし,南丹市日吉町中宮ノ向８,135.5178622,35.15195987,,,Å棟（レストラン側）エントランスホール、インフォメーション,,,
スプリングスひよし,すぷりんぐすひよし,南丹市日吉町中宮ノ向８,135.5162056,35.15280296,,,Ｂ棟（温泉側）フロント前、リラクゼーション横,,,
南丹市園部公園多目的運動場,なんたんしそのべこうえんたもくてきうんどうひろば,南丹市園部町小桜町南丹市園部公園内,135.4677335,35.10639654,,,玄関ロビー,,,
南丹市日吉山の家,なんたんしひよしやまのいえ,南丹市日吉町生畑ツノ元下１６　外,135.5468341,35.18447265,,,玄関ホール,,,
南丹市美山芦生山の家,なんたんしみやまあしゅうやまのいえ,南丹市美山町芦生須後１３,135.7140545,35.31054221,,,玄関入ったところ,,,
南丹市美山町自然文化村,なんたんしみやまちょうしぜんぶんかむら,南丹市美山町中下向５６　外,135.6392945,35.31063556,,,玄関入ったロビーの奥く(トイレの手前)、ロビーから見,,,
南丹市八木農村環境公園「氷室の郷」,なんたんしやぎのうそんかんきょうこうえんひむろのさと,南丹市八木町氷所赤見２１−１,135.5430241,35.09081288,,,玄関入って直のホール入口左側の壁,,,
南丹市美山江和長期滞在施設,なんたんしみやまえわちょうきたいざいしせつ,南丹市美山町江和下黒田１　外,135.6518799,35.31858034,,,（観光農園江和ランド）管理棟入口横,,,
道の駅(京都新光悦村),みちのえき(きょうとしんこうえつむら),南丹市園部町曽我谷縄手１５−３　外,135.4822195,35.1238575,,,店内南東奥壁前,,,
南丹市美山北加工・販売施設,なんたんしみやまきたかこうはんばいしせつ,南丹市美山町北揚石２８−１,135.6216267,35.31107952,,,玄関横通路,,,
南丹市園部スポーツセンター,なんたんしそのべすぽーつせんたー,南丹市園部町木崎町下ヲサ４９,135.475415,35.11430927,,,１階ロビー　玄関前,,,
南丹市八木海洋センター,なんたんしやぎかいようせんたー,南丹市八木町南広瀬泉６−１,135.5284983,35.07514928,,,１階　事務所内,,,
南丹市八木バイオエコロジーセンター,なんたんしやぎばいおえころじーせんたー,南丹市八木町諸畑千田１,135.5385299,35.09560203,,,会議室入口,,,
南丹市立八木中央幼児学園,なんたんしりつやぎちゅうおうようじがくえん,南丹市八木町西田河原條４２,135.5389461,35.07475955,,,玄関入口,,,
南丹市立八木東幼児学園,なんたんしりつやぎひがしようじがくえん,南丹市八木町北屋賀焼石８−３,135.5530271,35.07296085,,,玄関,,,
南丹市立園部幼稚園,なんたんしりつそのべようちえん,南丹市園部町小桜町４４,135.4696688,35.10805556,,,１階　職員室内（入口横）,,,
南丹市立園部保育所,なんたんしりつそのべほいくしょ,南丹市園部町木崎町下ヲサ４６,135.4758861,35.11424019,,,正面玄関　下駄箱前,,,
南丹市立城南保育所,なんたんしりつじょうなんほいくしょ,南丹市園部町城南町中井５０,135.4676165,35.10200445,,,玄関,,,
南丹市立日吉中央保育所,なんたんしりつひよしちゅうおうほいくしょ,南丹市日吉町保野田垣ノ内１１・１２　１合地,135.5012289,35.16476877,,,正面玄関,,,
南丹市立興風保育所,なんたんしりつこうふうほいくしょ,南丹市日吉町田原渕谷口２６−２,135.5197919,35.19075232,,,２階　職員室前,,,
南丹市立胡麻保育所,なんたんしりつごまほいくしょ,南丹市日吉町胡麻中野辺谷７３,135.4648682,35.20087358,,,玄関ロビー,,,
南丹市立みやま保育所,なんたんしりつみやまほいくしょ,南丹市美山町島島台５３,135.5493425,35.2730678,,,職員室内,,,
南丹市立知井保育所,なんたんしりつちいほいくしょ,南丹市美山町中勘定７,135.6430674,35.31354816,,,幼児玄関,,,
南丹市立園部小学校,なんたんしりつそのべしょうがっこう,南丹市園部町小桜町２６−２,135.4686387,35.10916956,,,１階玄関入口（屋内）,,,
南丹市立園部第二小学校,なんたんしりつそのべだいにしょうがっこう,南丹市園部町小山東町平成台２号７８　外,135.484717,35.09527873,,,１階　職員室前廊下,,,
南丹市立川辺小学校,なんたんしりつかわべしょうがっこう,南丹市園部町船岡長畑５２−３,135.4942278,35.13167404,,,１階　体育館入口,,,
南丹市立摩気小学校,なんたんしりつまけしょうがっこう,南丹市園部町宍人市場１１１,135.4409505,35.08992144,,,体育館入口横,,,
南丹市立西本梅小学校,なんたんしりつにしほんめしょうがっこう,南丹市園部町南八田中山１７,135.4330177,35.06148542,,,体育館の玄関内,,,
南丹市立八木小学校,なんたんしりつやぎしょうがっこう,南丹市八木町八木東所１５,135.5316061,35.06718761,,,正面玄関,,,
南丹市立富本小学校,なんたんしりつとみもとしょうがっこう,南丹市八木町青戸馬垣内１３−１,135.5471251,35.07845873,,,正面玄関前,,,
南丹市立新庄小学校,なんたんしりつしんじょうしょうがっこう,南丹市八木町船枝才ノ上４８,135.5228469,35.10523676,,,１階　職員玄関,,,
南丹市立吉富小学校,なんたんしりつよしとみしょうがっこう,南丹市八木町鳥羽鳥栄本１１,135.511492,35.0881951,,,管理棟１階玄関,,,
南丹市立神吉小学校,なんたんしりつかみよししょうがっこう,南丹市八木町神吉西河原１５,135.5856746,35.10774158,,,玄関内左側,,,
南丹市立殿田小学校,なんたんしりつとのだしょうがっこう,南丹市日吉町殿田大貝２５　外,135.5057954,35.16112837,,,１階玄関前（入って左手）,,,
南丹市立胡麻郷小学校,なんたんしりつごまごうしょうがっこう,南丹市日吉町胡麻中野辺谷３−３　外,135.4651291,35.19944353,,,管理特別教室棟,,,
南丹市立知井小学校,なんたんしりつちいしょうがっこう,南丹市美山町中穴原８,135.6441167,35.31320159,,,昇降口　廊下（体育館通路入口付近）,,,
南丹市立平屋小学校,なんたんしりつひらやしょうがっこう,南丹市美山町安掛上ノ山１７,135.5897212,35.27996738,,,１階玄関左手,,,
南丹市立宮島小学校,なんたんしりつみやじましょうがっこう,南丹市美山町島島台５２,135.5486275,35.27219274,,,正面玄関,,,
南丹市立鶴ヶ岡小学校,なんたんしりつつるがおかしょうがっこう,南丹市美山町鶴ヶ岡宮ノ前２３−２,135.5588222,35.32055216,,,職員玄関横内側（入口）,,,
南丹市立大野小学校,なんたんしりつおおのしょうがっこう,南丹市美山町三埜南畑２８,135.5034768,35.27348491,,,正面玄関入口,,,
南丹市立園部中学校,なんたんしりつそのべちゅうがっこう,南丹市園部町横田３号５１,135.4647387,35.10812359,,,職員玄関横,,,
南丹市立八木中学校,なんたんしりつやぎちゅうがっこう,南丹市八木町八木野條１,135.529594,35.072835,,,本館　玄関横,,,
南丹市立殿田中学校,なんたんしりつとのだちゅうがっこう,南丹市日吉町殿田大貝３０　外,135.50688,35.15959079,,,玄関入口,,,
南丹市立美山中学校,なんたんしりつみやまちゅうがっこう,南丹市美山町静原桧野１０−１,135.5507555,35.27664477,,,本館１階　職員玄関入口,,,
木津川市役所本館,きずがわしやくしょ,木津川市木津南垣外１１０−９,135.8200719,34.73716501,,,１階ホール,,,
木津川市役所総務課,きずがわしやくしょそうむか,木津川市木津南垣外１１０−９,135.8200719,34.73716501,,,３階危機管理室,,,
木津川市役所北別館,きずがわしやくしょきたべっかん,木津川市木津南垣外１５−２,135.8204237,34.73776458,,,事務所,,,
木津川市山城支所,きずがわしやましろししょ,木津川市山城町上狛北的場３−１,135.8175655,34.74979108,,,正面玄関内,,,
木津川市加茂支所,きずがわしかもししょ,木津川市加茂町里南古田１５６,135.8663603,34.75198034,,,正面玄関奥,,,
南加茂台公民館,ながもだいこうみんかん,木津川市南加茂台５丁目２−３,135.8715025,34.73988084,,,玄関ホール,,,
中央交流会館,きずがわしちゅうおうこうりゅうかいかん,木津川市木津宮ノ内９２,135.8188102,34.73067784,,,受付前,,,
中央図書館,きずがわしちゅうおうとしょかん,木津川市木津町内垣外３６,135.8150322,34.73634682,,,受付横,,,
中央体育館,きずがわしちゅうおうたいいくかん,木津川市木津石塚１４７,135.8091053,34.7285076,,,１階入り口,,,
中央体育館,きずがわしちゅうおうたいいくかん,木津川市木津石塚１４７,135.8091053,34.7285076,,,１階事務所内,,,
加茂文化センター,かもぶんかせんたー,木津川市加茂町里南古田１５６,135.8660001,34.75132995,,,１階フロアー,,,
山城総合文化センター,やましろそうごうぶんかせんたー,木津川市山城町平尾前田２４,135.8121249,34.77594238,,,正面玄関ホール,,,
市民スポーツセンター,きずがわしみんすぽーつせんたー,木津川市木津田中前４０−１,135.8095753,34.73207354,,,１階入り口,,,
山城町森林公園,やましろちょうしんりんこうえん,木津川市山城町神童子三上山１,135.8544497,34.78311051,,,事務所内,,,
加茂青少年山の家,かもせいしょうねんやまのいえ,木津川市加茂町尻枝七辻１５−１,135.8694108,34.723686,,,玄関ホール,,,
やすらぎタウン山城プール,やすらぎたうんやましろぷーる,木津川市山城町椿井柳田２６,135.8157897,34.75709369,,,玄関ホール券売機横,,,
共同浴場いずみ湯,きょうどうよくじょういずみゆ,木津川市木津清水２８,135.8193372,34.7351119,,,ロビー,,,
共同浴場やすらぎの湯,きょうどうよくじょうやすらぎのゆ,木津川市加茂町北廣２５−２,135.8811095,34.76154017,,,玄関ホール,,,
加茂人権センター,かもじんけんせんたー,木津川市加茂町北小谷５５−２,135.8832271,34.76151761,,,玄関ホール,,,
山城保健センター,やましろほけんせんたー,木津川市山城町椿井北代１０２,135.8140231,34.76469323,,,正面玄関奥,,,
木津保健センター,きずほけんせんたー,木津川市木津清水２７−２４,135.8203683,34.73458983,,,事務所,,,
木津老人福祉センター,きずろうじんふくしせんたー,木津川市木津川端１９,135.8170858,34.73941596,,,玄関ホール,,,
相楽老人福祉センター,そうらくろうじんふくしせんたー,木津川市相楽台４丁目３,135.7956532,34.73246946,,,事務所,,,
木津川台小学校,きずがわだいしょうがっこう,木津川市木津川台２丁目４,135.7888184,34.74402626,,,体育館,,,
高の原小学校,たかのはらしょうがっこう,木津川市兜台４町目４‐１,135.7824701,34.72744361,,,体育館,,,
相楽台小学校,さがなかだいしょうがっこう,木津川市相楽台５丁目１７−１,135.7970948,34.72674439,,,体育館,,,
木津小学校,きずしょうがっこう,木津川市木津町内垣外９５,135.8161657,34.73717324,,,体育館,,,
相楽小学校,さがなかしょうがっこう,木津川市相楽清水１,135.8017394,34.7356432,,,体育館,,,
州見台小学校,くにみだいしょうがっこう,木津川市州見台１丁目３２,135.8240355,34.71756651,,,体育館,,,
梅美台小学校,うめみだいしょうがっこう,木津川市梅美台４丁目２６−１,135.840283,34.7165864,,,体育館,,,
南加茂台小学校,ながもだいしょうがっこう,木津川市南加茂台１２丁目１１,135.8715402,34.73546897,,,正面玄関ホール,,,
棚倉小学校,たなくらしょうがっこう,木津川市山城町綺田局塚１４,135.8112719,34.78245858,,,職員室前,,,
上狛小学校,かみこましょうがっこう,木津川市山城町上狛学校１,135.8184952,34.75332115,,,玄関,,,
恭仁小学校,くにしょうがっこう,木津川市加茂町例幣中切３１・３２,135.861447,34.7655064,,,玄関,,,
加茂小学校,かもしょうがっこう,木津川市加茂町里西上田１１−１,135.8665971,34.74815459,,,玄関ホール,,,
木津小学校鹿背山分校,きずしょうがっこうかせやまぶんこう,木津川市鹿背山鹿曲田７７,135.840273,34.74381919,,,教室内,,,
木津中学校,きずちゅうがっこう,木津川市相楽高下４‐５,135.805028,34.73604968,,,体育館,,,
木津第二中学校,きずだいにちゅうがっこう,木津川市兜台６丁目１,135.7856518,34.729403,,,体育館,,,
山城中学校,やましろちゅうがっこう,木津川市山城町椿井柳田３３,135.8164203,34.75718813,,,校長室,,,
泉川中学校,いずみかわちゅうがっこう,木津川市加茂町大野烏田７５,135.862615,34.7459795,,,体育館,,,
木津南中学校,きずみなみちゅうがっこう,木津川市州見台４丁目２６,135.8317776,34.71958006,,,体育館,,,
大山崎町役場,おおやまざきちょうやくば,大山崎町字円明寺小字夏目３,135.6884757,34.90277384,,,１階町民ロビー,,,
大山崎消防署,おおやまざきうしょうぼうしょ,大山崎町字円明寺百々１,135.6879077,34.90301082,,,１階玄関内,,,
中央公民館,ちゅうおうこうみんかん,大山崎町字円明寺小字夏目２６,135.6880387,34.90221876,,,１階ロビー,,,
大山崎町体育館,おおやまざきちょうたいいくかん,大山崎町字円明寺小字一丁田５０,135.6956484,34.90452394,,,事務室前,,,
ふるさとセンター,ふるさとせんたー,大山崎町字大山崎小字竜光３,135.6828332,34.89268525,,,１階ロビー,,,
大山崎町保健センター,おおやまざきちょうほけんせんたー,大山崎町字円明寺小字百々１２,135.6876686,34.90285083,,,１階ロビー,,,
大山崎小学校,おおやまざきしょうがっこう,大山崎町字円明寺小字百々１８,135.6867551,34.90224466,,,体育館アリーナ,,,
第二大山崎小学校,だいにおおやまざきしょうがっこう,大山崎町字円明寺小字西法寺２６,135.6799501,34.91050011,,,体育館アリーナ,,,
大山崎中学校,おおやまざきちゅうがっこう,大山崎町字円明寺小字松田１５,135.6928874,34.90608594,,,管理棟入口,,,
久御山町役場,くみやまちょうやくば,久御山町島田ミスノ３８,135.7327403,34.88143747,,,１階受付横,,,
中央公民館,ちゅうおうこうみんかん,久御山町島田ミスノ３８,135.732271,34.88110848,,,事務所入口,,,
ふれあい交流館ゆうホール,ふれあいこうりゅうかんゆうほーる,久御山町佐古外屋敷２３５,135.7532714,34.88124351,,,事務所入口,,,
総合体育館,そうごうたいいくかん,久御山町市田新珠城３１３,135.7588255,34.88405053,,,事務所入口,,,
まちの駅クロスピアくみやま,まちのえきくろすぴあくみやま,久御山町森南大内３０３,135.7472064,34.89167352,,,事務所入口,,,
健康センターいきいきホール,けんこうせんたーいきいきほーる,久御山町佐古外屋敷２５４−１,135.7538744,34.88068851,,,事務所入口,,,
子育て支援センターあいあいホール,こそだてしえんせんたーあいあいほーる,久御山町佐古内屋敷８０−３,135.7521365,34.87995351,,,ホール入口,,,
老人福祉センター荒見苑,ろうじんふくしせんたーあらみえん,久御山町田井新荒見１１,135.7390843,34.88443959,,,事務所入口,,,
御牧小学校付属幼稚園,みまきしょうがっこうふぞくようちえん,久御山町相島曽根東１０,135.7383973,34.89505267,,,職員室,,,
佐山小学校附属幼稚園,さやましょうがっこうふぞくようちえん,久御山町佐古田中２,135.7523014,34.88054946,,,職員室,,,
東角小学校附属幼稚園,とずみしょうがっこうふぞくようちえん,久御山町佐古清水９６−２,135.7616416,34.88190747,,,職員室,,,
御牧保育所,みまきほいくしょ,久御山町中島向野１０,135.7367488,34.8945542,,,職員室,,,
佐山保育所,さやまほいくしょ,久御山町佐山北代４４−１,135.7508499,34.87820452,,,職員室,,,
宮ノ後保育所,みやのごほいくしょ,久御山町林宮ノ後　久御山団地内,135.7571015,34.8776413,,,職員室,,,
御牧小学校,みまきしょうがっこう,久御山町相島曽根１９,135.7370973,34.8954247,,,職員室,,,
佐山小学校,さやましょうがっこう,久御山町佐古内屋敷５６,135.7510835,34.87948051,,,職員室,,,
東角小学校,とずみしょうがっこう,久御山町佐古東角１２,135.7607946,34.88181043,,,職員室,,,
久御山中学校,くみやまちゅうがっこう,久御山町坊之池高河原７,135.7368212,34.88896919,,,保健室,,,
井手町立いづみ人権交流センター,いでちょうりついずみじんけんこうりゅうせんたー,井手町大字井手小字段ノ下３７−１,135.8062505,34.79391159,,,事務室入口前,,,
大正池グリーンパーク,たいしょういけぐりーんぱーく,井手町大字多賀小字一ノ谷２０−１,135.8555129,34.81191001,,,管理棟玄関横,,,
井手町立保健センター,いでちょうりつほけんせんたー,井手町大字井手小字橋ノ本１３,135.8039316,34.79746295,,,正面玄関,,,
老人福祉センター「賀泉苑」,ろうじんふくしせんたー「がせんえん」,井手町大字多賀小字帽子田２６−３,135.8074104,34.81582747,,,事務室入口横,,,
玉川保育園,たまがわほいくえん,井手町大字井手小字玉ノ井４７−１,135.8097105,34.80080011,,,正面玄関,,,
いづみ保育園,いづみほいくえん,井手町大字井手小字段ノ下３９−２,135.8064881,34.79431151,,,職員室前廊下,,,
多賀保育園,たがほいくえん,井手町大字多賀小字庵垣内６３,135.8128343,34.81818353,,,正面玄関,,,
泉ヶ丘中学校,いずみがおかちゅうがっこう,井手町大字井手小字橋ノ本２０,135.8045527,34.79765399,,,体育館入口横,,,
宇治田原町役場,うじたわらちょうやくば,宇治田原町大字荒木小字西出１０,135.856845,34.8526746,,,正面入口,,,
宇治田原町総合文化センター,うじたわらちょうそうごうぶんかせんたー,宇治田原町大字岩山小字沼尻４６−１,135.8631189,34.8557497,,,事務室入口横,,,
宇治田原町住民体育館,うじたわらちょうじゅうみんたいいくかん,宇治田原町大字岩山小字沼尻３７−１,135.8642388,34.85591773,,,事務室横ロビー,,,
みんなの家,みんなのいえ,宇治田原町大字立川小字宮ノ本１４,135.8668088,34.85476873,,,正面入口,,,
宇治田原町立保健センター,うじたわらちょうりつほけんせんたー,宇治田原町大字贄田小字船戸６３,135.8567884,34.85194703,,,事務室内,,,
宇治田原町老人福祉センター「やすらぎ荘」,うじたわらちょうろうじんふくしせんたーやすらぎえん,宇治田原町大字荒木小字天皇２,135.8582789,34.85520578,,,事務室内,,,
宇治田原町立保育所,うじたわらちょうりつほいくしょ,宇治田原町大字郷之口小字紫坊３９−１,135.853094,34.84921253,,,1階職員室前廊下,,,
宇治田原町立田原小学校,うじたわらちょうりつたわらしょうがっこう,宇治田原町大字郷之口小字中林７,135.852766,34.84965152,,,1階職員室前廊下,,,
宇治田原町立宇治田原小学校,うじたわらちょうりつうじたわらしょうがっこう,宇治田原町大字岩山小字丸山３６,135.8823958,34.86013093,,,1階職員室前廊下,,,
宇治田原町立維孝館中学校,うじたわらちょうりついこうかんちゅうがっこう,宇治田原町大字岩山小字沼尻４,135.8656078,34.8571057,,,2階職員室前廊下,,,
笠置町役場,かさぎちょうやくば,笠置町大字笠置小字西通９０−１,135.9393778,34.76045768,,,１階総務財政課事務室内,,,
笠置町中央公民館,かさぎちょうちゅうおうこうみんかん,笠置町大字笠置小字浜５６,135.9375628,34.75789368,,,１階事務室内,,,
笠置会館,かさぎかいかん,笠置町大字有市小字羽根田４２,135.9501365,34.76368131,,,１階事務室前,,,
わかさぎ温泉笠置いこいの館,わかさぎおんせんかさぎいこいのやかた,笠置町大字笠置小字隅田２４,135.9342337,34.75711005,,,１階ロビー,,,
笠置保育所,かさぎほいくしょ,笠置町大字有市小字羽根田２４,135.9512335,34.76299751,,,職員室内,,,
笠置小学校,かさぎしょうがっこう,笠置町大字笠置小字上津３０,135.9405369,34.76055462,,,１階職員室内,,,
人権ふれあいセンター,じんけんふれあいせんたー,和束町釜塚前田４４,135.9046719,34.79815636,,,１階事務室入口前,,,
体験交流センター,たいけんこうりゅうせんたー,和束町中平田２３−１,135.9082967,34.8021107,,,１階事務室入口前,,,
B&G和束海洋センター,B&Gわずかかいようせんたー,和束町釜塚実坂１,135.9093579,34.79912635,,,１階体育館ホール,,,
いきいきこども館,いきいきこどもかん,和束町釜塚前田４２,135.9044317,34.79805629,,,１階玄関ホール,,,
社会福祉センター,しゃかいふくしせんたー,和束町釜塚生水１５,135.9051339,34.7955393,,,１階事務室入口前,,,
和束保育園,わずかほいくえん,和束町中市場１９,135.9136718,34.80445007,,,１階職員室前,,,
和束小学校,わずかしょうがっこう,和束町園神定５７,135.907476,34.80447157,,,１階職員室前ホール,,,
和束中学校,わずかちゅうがっこう,和束町釜塚北ノ畑１,135.909499,34.79848432,,,１階職員室入口前,,,
精華町役場,せいかちょうやくば,精華町大字南稲八妻小字北尻７０,135.7861158,34.76086275,,,精華町交流ホール（２階）,,,
上下水道事務所,じょうげすいどうじむしょ,精華町大字祝園小字門田１４−１,135.7959193,34.76196585,,,玄関,,,
精華町消防本部,せいかちょうしょうぼうほんぶ,精華町大字北稲八間小字寄田長３１,135.7905793,34.76308384,,,１階ホール,,,
むくのきセンター,むくのきせんたー,精華町大字下狛小字神ノ木８,135.798517,34.77507023,,,２階ホール入口付近,,,
精華町コミュニティーホール,せいかちょうこみゅにてぃーほーる,精華町光台七丁目１１,135.7577596,34.7420101,,,玄関（近隣センター東側）,,,
精華町人権センター,せいかちょうじんけんせんたー,精華町大字祝園小字佃５,135.802124,34.76347142,,,玄関,,,
精華町保健センター,せいかちょうほけんせんたー,精華町大字北稲八間小字井手ノ元２７−１,135.7907343,34.76553323,,,２階ホール入口,,,
かしのき苑,かしのきえん,精華町大字南稲八妻小字砂留２２−１,135.7771396,34.75390446,,,正面入口ホール,,,
発達支援ルームこねっく,はったつしえんるーむこねっく,精華町大字祝園小字出森３,135.8020241,34.76514211,,,職員室前廊下（旧精華町訪問看護ステーション）,,,
こまだ保育所,こまだほいくしょ,精華町大字下狛小字浄楽７６,135.791316,34.77991721,,,玄関ホール,,,
ほうその保育所,ほうそのほいくしょ,精華町大字祝園小字一ノ間３−１,135.7956735,34.76353838,,,玄関ホール,,,
いけたに保育所,いけたにほいくしょ,精華町桜が丘三丁目２−２,135.7778393,34.72853527,,,職員室前廊下,,,
川西小学校,かわにししょうがっこう,精華町大字北稲八間小字畑ヶ田１５−１,135.7897366,34.76760489,,,玄関ホール,,,
精北小学校,せいほくしょうがっこう,精華町大字下狛小字河原田４４,135.7929382,34.77810597,,,職員室,,,
精華台小学校,せいかだいしょうがっこう,精華町精華台一丁目２−１,135.7806857,34.75436147,,,職員玄関（校舎１階東側）,,,
山田荘小学校,やまだしょうしょうがっこう,精華町桜が丘二丁目２２−１,135.7753943,34.73004425,,,２階職員室前,,,
東光小学校,ひがしひかりしょうがっこう,精華町光台七丁目４３−１,135.7528416,34.74445908,,,玄関ホール,,,
精華中学校,せいかちゅうがっこう,精華町大字南稲八妻小字丸山７,135.7879854,34.75893576,,,職員室,,,
精華南中学校,せいかみなみちゅうがっこう,精華町桜が丘二丁目３−１,135.7813293,34.73175124,,,２階職員室前,,,
精華西中学校,せいかにしちゅうがっこう,精華町光台九丁目１−１,135.7544794,34.74739284,,,玄関ホール,,,
南山城村役場,みなみやましろむらやくば,南山城村北大河原久保１４−１,135.9935566,34.77278459,,,２階フロアー正面カウンター,,,
やまなみホール,やまなみほーる,南山城村北大河原久保８,135.9921446,34.77260258,,,事務所内受付カウンター,,,
保健福祉センター,ほけんふくしせんたー,南山城村北大河原大稲葉４−１０,136.0256882,34.76490242,,,事務所内受付窓口,,,
南山城保育園,みなみやましろほいくえん,南山城村北大河原中谷１２−２６,136.0258449,34.76540128,,,職員室入口,,,
南山城小学校,みなみやましろしょうがっこう,南山城村北大河原中谷１２−５２,136.0264492,34.76604808,,,１階玄関管理室受付窓口,,,
京丹波町役場本庁,きょうたんばちょうやくばほんちょう,京丹波町蒲生八ツ谷６２−６,135.4232041,35.16433407,,,１階事務室内,,,
京丹波町役場瑞穂支所,きょうたんばちょうやくばみずほししょ,京丹波町橋爪桧山４９,135.3744749,35.1781204,,,１階事務室内,,,
京丹波町役場和知支所,きょうたんばちょうやくばわちししょ,京丹波町本庄ウエ１６,135.3964847,35.26046411,,,１階事務室内,,,
グリーンランドみずほ（事務所）,ぐりーんらんどみずほ(じむしょ),京丹波町大朴皿引１−４,135.3676935,35.16382835,,,１階事務室カウンター,,,
グリーンランドみずほ（道の駅）,ぐりーんらんどみずほ(みちのえき),京丹波町大朴皿引１−４,135.3676935,35.16382835,,,１階事務所内,,,
健康管理センター,けんこうかんりせんたー,京丹波町須知鍋倉１−１,135.4264013,35.15405396,,,２階　療育教室入り口,,,
瑞穂保健福祉センター,みずほほけんふくしせんたー,京丹波町和田田中６−１,135.3727057,35.18144446,,,１階事務室内,,,
須知幼稚園,しゅちようちえん,京丹波町須知藤ノ森３４,135.4235313,35.15710901,,,１階職員室内,,,
上豊田保育所,かみとよたほいくしょ,京丹波町豊田シミ９８,135.3998359,35.16641464,,,１階　職員室内,,,
上豊田保育所　下山分園,かみとよたほいくしょしもやまぶんえん,京丹波町下山吉尾２０−４０,135.4205518,35.21351694,,,１階　正面玄関入り口,,,
みずほ保育所,みずほほいくしょ,京丹波町和田大下４２−１,135.3740085,35.18132662,,,１階　職員室内,,,
わち保育所（わちエンジェル）,わちほいくしょ（わちえんじぇる）,京丹波町大倉家田ノ上５−７,135.4111735,35.26030292,,,１階　職員室内,,,
竹野小学校,たけのしょうがっこう,京丹波町高岡２３,135.4148746,35.13501009,,,１階玄関（職員室前）,,,
丹波ひかり小学校,たんばひかりしょうがっこう,京丹波町曽根宮ノ浦戸麦５４,135.4203382,35.1587927,,,１階保健室前,,,
下山小学校,しもやましょうがっこう,京丹波町下山上藤ヶ瀬１６,135.4210322,35.21602791,,,１階玄関（職員室前）,,,
瑞穂小学校,みずほしょうがっこう,京丹波町橋爪桧山１１８,135.3737939,35.17528837,,,１階玄関（職員室前）,,,
和知小学校,わちしょうがっこう,京丹波町本庄安田７,135.4006832,35.26513954,,,１階職員室前,,,
蒲生野中学校,こものちゅうがっこう,京丹波町蒲生八ツ谷６２,135.421854,35.16472687,,,２階職員室内,,,
瑞穂中学校,みずほちゅうがっこう,京丹波町大朴段ノ垣内６,135.3707522,35.17696901,,,２階職員室内,,,
和知中学校,わちちゅうがっこう,京丹波町市場丸ヶ野４,135.4123725,35.25898989,,,２階職員室内,,,
宮津与謝消防署橋北分署,みやずよざしょうぼうしょきょうほくぶんしょ,伊根町日出５７６,135.2720311,35.67434698,,,１階受付,,,
本庄地区公民館,ほんじょうちくこうみんかん,伊根町字本庄浜１１３−１,135.2580238,35.72974111,,,１階ロビー,,,
筒川文化センター,つつかわぶんかせんたー,伊根町字本坂２７９,135.2395811,35.71057136,,,１階ロビー,,,
コミュニティーセンター,こみゅにてぃーせんたー,伊根町字日出６５１,135.2730053,35.67536328,,,１階玄関,,,
老人福祉センター,ろうじんふくしせんたー,伊根町字泊１,135.2829808,35.70398176,,,１階ロビー,,,
伊根保育園,いねほいくえん,伊根町字平田小字長子コ６４８−３,135.2941815,35.67699138,,,１階玄関,,,
本庄保育所,ほんじょうほいくえん,伊根町字本庄浜９２,135.2563458,35.7294161,,,１階玄関,,,
伊根小学校,いねしょうがっこう,伊根町字平田４２６,135.2885356,35.67676643,,,１階玄関付近廊下,,,
本庄小学校,ほんじょうしょうがっこう,伊根町字本庄浜小字馬場先６８,135.2563819,35.72911717,,,１階玄関付近廊下,,,
伊根中学校,いねちゅうがっこう,伊根町字平田４３０,135.2870205,35.67841046,,,１階玄関付近廊下,,,
本庄中学校,ほんじょうちゅうがっこう,伊根町字本庄上６０７,135.2513812,35.71959765,,,１階玄関付近廊下,,,
与謝野町役場本庁舎,よさのちょうやくばほんちょうしゃ,与謝野町字岩滝１７９８−１,135.1529138,35.56536287,,,１階フロア内,,,
与謝野町役場野田川庁舎,よさのちょうやくばのだがわちょうしゃ,与謝野町字四辻６５,135.0992241,35.52815949,,,１階フロア内,,,
与謝野町役場加悦庁舎,よさのちょうやくばかやちょうしゃ,与謝野町字加悦４３３,135.0951735,35.50319161,,,１階フロア内,,,
宮津与謝消防署加悦谷分署,みやずよざしょうぼうしょかやだにぶんしょ,与謝野町字算所４１８,135.0985264,35.51188474,,,１階受付,,,
与謝野町立中央公民館,よさのちょうりつちゅうおうこうみんかん,与謝野町字四辻１４２−１,135.1039603,35.52812573,,,１階フロア内,,,
与謝野町立加悦地域公民館,よさのちょうりつかやちいきこうみんかん,与謝野町字加悦４５１−２,135.0937805,35.50464758,,,１階フロア内,,,
加悦奥地区公民館,かやおくちくこうみんかん,与謝野町字加悦奥２８１,135.0799818,35.50310204,,,１階フロア内,,,
加悦地区公民館,かやちくこうみんかん,与謝野町字加悦１０１１,135.0922135,35.50351964,,,１階フロア内,,,
後野地区公民館,うしろのちくこうみんかん,与謝野町字後野８６８,135.0927649,35.49890134,,,１階フロア内,,,
与謝地区公民館,よざちくこうみんかん,与謝野町字与謝２６５８,135.0838764,35.46971391,,,１階フロア内,,,
滝地区公民館,たきちくこうみんかん,与謝野町字滝９７０−６,135.0913731,35.4785132,,,１階フロア内,,,
金屋地区公民館,かなやちくこうみんかん,与謝野町字金屋３０７−１,135.0919359,35.49100223,,,１階フロア内,,,
温江地区公民館,あつえちくこうみんかん,与謝野町字温江９０２,135.1126257,35.49868382,,,１階フロア内,,,
明石地区公民館,あけしちくこうみんかん,与謝野町字明石１４９０−１,135.1087405,35.51130977,,,１階フロア内,,,
香河地区公民館,かごちくこうみんかん,与謝野町字香河４２２−１,135.1371787,35.50150787,,,１階フロア内,,,
三河内地区公民館,みごちちくこうみんかん,与謝野町字三河内１５７８,135.0939064,35.51596475,,,１階フロア内,,,
岩屋地区公民館,いわやちくこうみんかん,与謝野町字岩屋３０３−１,135.077864,35.52887256,,,１階フロア内,,,
四辻地区公民館,よつつじちくこうみんかん,与謝野町字四辻１０１３−２,135.097049,35.53059294,,,１階フロア内,,,
上山田地区公民館,かみやまだちくこうみんかん,与謝野町字上山田１１３０−４,135.1094471,35.5363005,,,１階フロア内,,,
下山田地区公民館,しもやまだちくこうみんかん,与謝野町字下山田１１７０,135.1248753,35.54505774,,,１階フロア内,,,
石川地区公民館,いしかわちくこうみんかん,与謝野町字石川７５９−２,135.1241461,35.53126004,,,１階フロア内,,,
石田地区公民館,いしだちくこうみんかん,与謝野町字弓木９６４−１,135.1382241,35.55463942,,,１階フロア内,,,
弓木地区公民館,ゆみきちくこうみんかん,与謝野町字弓木１９７５−１,135.1474228,35.56355588,,,１階フロア内,,,
男山地区公民館,おとこやまちくこうみんかん,与謝野町字男山３８１,135.1625976,35.5741069,,,１階フロア内,,,
算所会館,さんじょかいかん,与謝野町字算所１２１,135.0931045,35.50853458,,,１階フロア内,,,
立町会館,たてまちかいかん,与謝野町字岩滝２１２０,135.1498148,35.56453785,,,１階フロア内,,,
浜町会館,はままちかいかん,与謝野町字岩滝２３０２−１,135.1527828,35.56377087,,,１階フロア内,,,
藪後会館,やぶのしろりかいかん,与謝野町字岩滝,135.1498276,35.56814085,,,１階フロア内,,,
東町会館,ひがしまちかいかん,与謝野町字岩滝８５６−２,135.1538548,35.56878589,,,１階フロア内,,,
加悦椿文化資料館,かやつばきぶんかしりょうかん,与謝野町字滝１９８６,135.0593518,35.47559828,,,１階フロア内,,,
幾地コミュニティセンター,いくじこみゅにてぃせんたー,与謝野町字幾地１４９０,135.0919154,35.53114361,,,１階フロア内,,,
生涯学習センター知遊館,しょうがいがくしゅうせんたーちゆうかん,与謝野町字岩滝２２７１,135.1511218,35.56384986,,,１階フロア内,,,
大江山運動公園,おおえやまうんどうこうえん,与謝野町字与謝８８１−１,135.095943,35.48129326,,,体育館１階フロア内,,,
大江山運動公園,おおえやまうんどうこうえん,与謝野町字与謝８８１−１,135.0949382,35.48151675,,,グラウンドバックネット裏倉庫内,,,
大内峠一字観公園,おおうちとうげいちじかんこうえん,与謝野町字弓木２１１,135.135927,35.56522185,,,事務室内,,,
加悦双峰公園,かやそうぼうこうえん,与謝野町字与謝２９２−２,135.0910839,35.44678849,,,事務室入口前,,,
古墳公園,こふんこうえん,与謝野町字明石２３４１,135.1046075,35.50645075,,,１階フロア内,,,
岩滝体育館,いわたきたいいくかん,与謝野町字岩滝８６１−２,135.1532888,35.56893091,,,１階フロア内,,,
岩滝体育館,いわたきたいいくかん,与謝野町字岩滝８６１−２,135.1532888,35.56893091,,,小体育館１階フロア内,,,
野田川体育館,のだがわたいいくかん,与謝野町字四辻１４２−１,135.1039603,35.52812573,,,１階フロア内,,,
岩滝グラウンド,いわたきぐらうんど,与謝野町字岩滝８７５−１,135.1521649,35.57034319,,,バックネット裏倉庫内,,,
野田川グラウンド,のだがわぐらうんど,与謝野町字幾地４５０,135.0944378,35.5257949,,,バックネット裏倉庫内,,,
野田川ユースセンター,のだがわゆーすせんたー,与謝野町字三河内４８−１,135.088838,35.5245651,,,１階フロア内,,,
野田川わーくぱる,のだがわわーくぱる,与謝野町字四辻１６１,135.1048502,35.5276447,,,１階フロア内,,,
リフレかやの里,りふれかやのさと,与謝野町字金屋１７３０,135.1018811,35.48349042,,,事務室内,,,
加悦山の家,かややまのいえ,与謝野町字温江１４０１,135.1213419,35.49163783,,,１階フロア内,,,
旧尾藤家住宅,きゅうびとうけじゅうたく,与謝野町字加悦１０８５,135.0918915,35.50461562,,,１階フロア内,,,
江山文庫,こうざんぶんこ,与謝野町字金屋１６８２,135.1039061,35.48129542,,,１階フロア内,,,
ケアハウス岩滝,けあはうすいわたき,与謝野町字岩滝４７０,135.1536116,35.57242106,,,１階フロア内,,,
三河内幼稚園,みごちようちえん,与謝野町字三河内１９４７−１,135.0907663,35.51491483,,,職員室内,,,
岩滝幼稚園,いわたきようちえん,与謝野町字岩滝７３５,135.1525156,35.5707491,,,職員室内,,,
桑飼保育園,くわがいほいくえん,与謝野町字明石２１１５,135.1070205,35.50854177,,,職員室内,,,
与謝保育園,よざほいくえん,与謝野町字滝４６７,135.0877031,35.47900118,,,職員室内,,,
加悦保育園,かやほいくえん,与謝野町字加悦７９８−１,135.0904615,35.50714362,,,職員室内,,,
石川保育所,いしかわほいくしょ,与謝野町字石川５５６,135.1221643,35.5307214,,,職員室内,,,
山田保育所,やまだほいくしょ,与謝野町字下山田３７６,135.1183141,35.54111347,,,職員室内,,,
市場保育所,いちばほいくしょ,与謝野町字幾地１３２９,135.0952749,35.53176475,,,職員室内,,,
岩屋保育所,いわやほいくしょ,与謝野町字岩屋２０５,135.0790179,35.53113856,,,職員室内,,,
岩滝保育所,いわたきほいくしょ,与謝野町字岩滝８６１−２,135.1532888,35.56893091,,,職員室内,,,
桑飼小学校,くわがいしょうがっこう,与謝野町字明石２１２０,135.1067555,35.50797375,,,校舎入口内,,,
与謝小学校,よざしょうがっこう,与謝野町字滝４６８,135.088385,35.47869519,,,校舎入口内,,,
加悦小学校,かやしょうがっこう,与謝野町字加悦１０６１,135.0935036,35.50667365,,,校舎入口内,,,
石川小学校,いしかわしょうがっこう,与謝野町字石川７４３−２,135.1234334,35.53094461,,,校舎入口内,,,
山田小学校,やまだしょうがっこう,与謝野町字下山田１０,135.1176771,35.53945446,,,校舎入口内,,,
市場小学校,いちばしょうがっこう,与謝野町字幾地１０１３,135.0976671,35.53220153,,,校舎入口内,,,
岩屋小学校,いわやしょうがっこう,与謝野町字岩屋２７８−１,135.0778779,35.53023462,,,校舎入口内,,,
三河内小学校,みごちしょうがっこう,与謝野町字三河内１８５８,135.0926693,35.51644678,,,校舎入口内,,,
岩滝小学校,いわたきしょうがっこう,与謝野町字岩滝４４３,135.1457588,35.56625619,,,校舎入口内,,,
加悦中学校,かやちゅうがっこう,与謝野町字加悦７３０,135.0909605,35.50810562,,,校舎入口内,,,
江陽中学校,こうようちゅうがっこう,与謝野町字四辻８９３,135.1027718,35.53255987,,,校舎入口内,,,
大宮ふれあい工房,おおみやふれあいこうぼう,京丹後市大宮町三坂１０５−３,135.102003,35.57839352,,,１階事務室入口前,,,
京都府立丹後郷土資料館,きょうとふりつたんごきょうどしりょうかん,宮津市字国分小字天王山６１１−１,135.1785608,35.57971678,,,１階受付,,,
京都府立山城郷土資料館,きょうとふりつやましろきょうどしりょうかん,木津川市山城町上狛千両岩,135.8339015,34.75219704,,,２階受付,,,
八幡第四幼稚園,やわただいよんようちえん,八幡市男山松里１,135.7002823,34.857027,,,玄関,,,
くすのき近隣公園,くすのききんりんこうえん,八幡市男山竹園１−１,135.6955732,34.85713954,,,管理事務所,,,
馬場市民公園,ばばしみんこうえん,八幡市八幡馬場８５−１,135.7030249,34.87759805,,,管理事務所,,,
川口市民公園,かわぐちしみんこうえん,八幡市川口浜　木津川左岸河川敷,135.7179872,34.88081421,,,管理事務所,,,
かわきた自然運動公園,かわきたしぜんうんどうこうえん,八幡市八幡林ノ元１２,135.698969,34.89340119,,,管理事務所,,,
洛南浄化センター運動公園,らくなんじょうかせんたーうんどうこうえん,八幡市八幡菰池,135.710565,34.89101748,,,管理事務所,,,
男山公民館,おとこやまこうみんかん,八幡市男山八望３−１,135.6986207,34.86284426,,,事務所,,,
橋本公民館,はしもとこうみんかん,八幡市橋本堂ケ原３−１,135.6838268,34.88003468,,,事務所,,,
志水公民館,しみずこうみんかん,八幡市八幡岸本３５−４,135.7029148,34.87027575,,,事務所,,,
山柴公民館,やましばこうみんかん,八幡市八幡山柴４８・４９,135.7030233,34.88194785,,,事務所,,,
八幡こどもセンター,やわたこどもせんたー,八幡市八幡菖蒲池１２,135.7046214,34.87779787,,,八幡小学校　南校舎１階　こどもセンター内,,,
八幡市福祉会館,やわたしふくしかいかん,八幡市八幡東浦５,135.7135257,34.88047866,,,玄関,,,
八幡市シルバー人材センター,やわたししるばーじんざいせんたー,八幡市八幡御馬所１８,135.7046992,34.8774724,,,玄関,,,
八幡市福祉センター,やわたしふくしせんたー,八幡市男山笹谷２,135.694191,34.87015391,,,玄関,,,
有都福祉交流センター,ゆうとふくしこうりゅうせんたー,八幡市内里北ノ口５−１,135.7281329,34.8636722,,,事務所,,,
八幡市人権・交流センター,やわたしじんけん・こうりゅうせんたー,八幡市八幡軸２３,135.7068419,34.86713768,,,玄関,,,
八幡市文化センター,やわたしぶんかせんたー,八幡市八幡高畑５−３,135.7076561,34.87468295,,,玄関ホール,,,
八幡市母子健康センター,やわたしぼしけんこうせんたー,八幡市八幡園内７３−３,135.7071116,34.87593245,,,玄関,,,
八幡市民図書館,やわたしみんとしょかん,八幡市八幡菖蒲池１１,135.7044672,34.8780958,,,３階事務室,,,
八幡市民交流センター,やわたしみんこうりゅうせんたー,八幡市八幡東浦５,135.7133718,34.87966966,,,事務所,,,
有都交流センター,ゆうとこうりゅうせんたー,八幡市下奈良今里１７,135.7247532,34.87047161,,,玄関ホール,,,
八幡市松花堂美術館,やわたししょうかどうびじゅつかん,八幡市八幡女郎花４３,135.7048249,34.86302093,,,受付,,,
やわた流れ橋交流プラザ,やわたながればしこうりゅうぷらざ,八幡市上津屋里垣内５６−１,135.7437521,34.86606482,,,玄関,,,
子供子育て支援センター（すくすくの杜）,こどもこそだてしえんせんたー（すくすくのもり）,八幡市欽明台東２−１,135.7189703,34.83891348,,,玄関,,,
南ヶ丘老人の家,みなみがおかろうじんのいえ,八幡市八幡広門４０−１,135.7045423,34.86645,,,事務所,,,
八幡警察署,やわたけいさつしょ,八幡市八幡五反田３７−８,135.7058456,34.87113727,,,玄関ホール,,,
八幡市消防本部,やわたししょうぼうほんぶ,八幡市八幡植松１９−１,135.7064097,34.86254149,,,玄関ホール,,,
男山病院,おとこやまびょういん,八幡市男山泉１９,135.6935791,34.86131473,,,２階待合室,,,
八幡中央病院,やわたちゅうおうびょういん,八幡市八幡五反田３９−１,135.7067187,34.87111819,,,玄関ホール,,,
京都八幡病院,きょうとやわたびょういん,八幡市川口別所６１,135.7170724,34.87485505,,,診察室,,,
みのやま病院,みのやまびょういん,八幡市欽明台北４−２,135.7165903,34.84150813,,,診察室,,,
特別養護老人ホーム　京都ひまわり園,とくべつようごろうじんほーむ　きょうとひまわりえん,八幡市八幡清水井３１,135.7011085,34.87175347,,,２階事務所,,,
特別養護老人ホーム　有智の郷,とくべつようごろうじんほーむ　うちのさと,八幡市内里北ノ口５−１,135.7285614,34.86368735,,,玄関,,,
特別養護老人ホーム京都八勝館,とくべつようごろうじんほーむ　きょうとはっしょうかん,八幡市橋本塩釜２１,135.6855325,34.87594013,,,玄関ホール,,,
介護老人保健施設　梨の里,かいごろうじんほけんしせつ　なしのさと,八幡市八幡柿木垣内２５−１,135.7076014,34.87046769,,,１階ロビー,,,
私立くすのき保育園,しりつくすのきほいくえん,八幡市八幡吉野垣内３−１,135.7075469,34.88336066,,,職員室前,,,
私立八幡保育園,しりつやわたほいくえん,八幡市八幡清水井７５,135.7019216,34.87018163,,,１階廊下,,,
私立西遊寺保育園,しりつさいゆうじほいくえん,八幡市橋本中ノ町４５,135.6844407,34.88193569,,,玄関,,,
私立ぶどうの木保育園,しりつぶどうのきほいくえん,八幡市男山美桜６−５,135.6978491,34.86788113,,,玄関,,,
私立男山保育園,しりつおとこやまほいくえん,八幡市男山石城６−１,135.696321,34.86097246,,,玄関,,,
私立山鳩保育園,しりつはやまはとほいくえん,八幡市男山金振１４−１,135.6925069,34.85724423,,,玄関,,,
私立山鳩第二保育園,しりつやまはとだいにほいくえん,八幡市欽明台西４７−１,135.7138098,34.84115708,,,玄関,,,
私立なるみ幼稚園,しりつなるみようちえん,八幡市男山雄徳４−７,135.6934875,34.87223189,,,玄関,,,
私立早苗幼稚園,しりつさなえようちえん,八幡市男山吉井２７−８,135.7025257,34.85727041,,,玄関,,,
私立歩学園幼稚園,しりつあゆみがくえんようちえん,八幡市欽明台東１−２,135.7186858,34.839529,,,事務所,,,
石清水八幡宮,いわしみずはちまんぐう,八幡市八幡高坊３０,135.7002556,34.87962879,,,社務所,,,
石清水八幡宮研修センター,いわしみずはちまんぐうけんしゅうせんたー,八幡市八幡高坊３０,135.7009132,34.87929235,,,玄関ロビー,,,
老人福祉センター「玉泉苑」,ろうじんふくしせんたー「ぎょくせんえん」,大字井手小字東前田23,135.8158058,34.79866706,,,正面玄関横　多目的トイレ前,,,
井手町まちづくりセンター椿坂,いでちょうまちづくりせんたーつばきざか,大字井手小字石橋44,135.8179022,34.80090659,,,正面玄関横　和室前,,,
井手小学校,いでしょうがっこう,大字井手小字野神38,135.8079242,34.79717538,,,正面玄関,,,
多賀小学校,たがしょうがっこう,大字多賀小字内垣内20,135.8067308,34.81794586,,,体育館入口,,,
井手町役場庁舎,いでちょうやくばちょうしゃ,大字井手小字南玉水67,135.8032609,34.79842538,,,正面玄関横,,,
山吹ふれあいセンター,やまぶきふれあいせんたー,大字井手小字橋ノ本2-1,135.8144973,34.80549016,,,図書館入口横,,,
国立国会図書館関西館,こくりつこっかいとしょかんかんさいかん,精華町精華台八丁目１−３,135.7699303,34.74338744,,,防災センター（西側入り口付近）,,,
国立国会図書館関西館,こくりつこっかいとしょかんかんさいかん,精華町精華台八丁目１−３,135.770479,34.74340538,,,閲覧室（地下）,,,
ひかりだい保育所,ひかりだいほいくしょ,精華町光台四丁目50−3,135.7586398,34.74311312,,,1階ホール,,,
聖マリア幼稚園,せいまりあようちえん,精華町大字南稲八妻小字丸山3,135.7885127,34.75951309,,,西側教室開放廊下,,,
星の光幼稚園,ほしのひかりようちえん,精華町光台四丁目50−1,135.7591098,34.74277534,,,1階ホール,,,
光ヶ丘幼稚園,ひかりがおかようちえん,精華町大字山田小字金堀9,135.7778725,34.73391535,,,職員室,,,
せいかだい保育所,せいかだいほいくしょ,精華町精華台二丁目11−2,135.7832646,34.75047196,,,1階ホール,,,
国立研究開発法人情報通信研究機構NICT,こくりつけんきゅうかいはつほうじんじょうほうつうしんけんきゅうきこう,精華町光台三丁目５,135.7662627,34.74371954,,,1階ロビー,,,
京都廣学館高等学校,きょうとこうがっかんこうとうがっこう,精華町大字下狛小字中垣内48,135.7869118,34.77862831,,,京都廣学館高等学校正面入口（職員室前）,,,
京都廣学館高等学校,きょうとこうがっかんこうとうがっこう,精華町大字下狛小字中垣内48,135.7869118,34.77862831,,,西キャンパス,,,
京都廣学館高等学校,きょうとこうがっかんこうとうがっこう,精華町大字下狛小字中垣内48,135.7869118,34.77862831,,,武道場,,,
上京税務署,かみぎょうぜいむしょ,京都市上京区一条通西洞院東入元真如堂町３５８,135.7556255,35.02609163,,,２階　総務課,,,
左京税務署,さきょうやまぜいむしょ,京都市左京区聖護院円頓美町18,135.7810465,35.01762088,,,１階　管理運営部門,,,
中京税務署,なかぎょうぜいむしょ,京都市中京区西ノ京笠殿町38 京都地方合同庁舎,135.7641952,35.01302251,,,１階　合同庁舎管理室,,,
東山税務署,ひがしやまぜいむしょ,京都市東山区渋谷通大和大路東入下新シ町339-5,135.7728814,34.99403779,,,３階　総務課,,,
下京税務署,しもぎょうぜいむしょ,京都市下京区間之町五条下ル大津町8,135.7620505,34.99547671,,,１階　総合窓口,,,
右京税務署,うきょうぜいむしょ,京都市右京区西院上花田町10-1,135.7282199,35.00808581,,,２階　総務課,,,
伏見税務署,ふしみぜいむしょ,京都市伏見区鑓屋町,135.766282,34.94612171,,,２階　総務課,,,
福知山税務署,ふくちやまぜいむしょ,福知山市篠尾新町1丁目37番地,135.1135456,35.29848956,,,２階　総務課,,,
舞鶴税務署,まいづるぜいむしょ,舞鶴市字上安久240,135.3376742,35.45164552,,,２階　総務課,,,
宇治税務署,うじぜいむしょ,宇治市大久保町井ノ尻60-3,135.7706611,34.87445583,,,２階　総務課,,,
宮津税務署,みやづぜいむしょ,宮津市字鶴賀2070-14,135.1979385,35.53514193,,,２階　総務課,,,
園部税務署,そのべぜいむしょ,南丹市園部町小山東町平成台1号11,135.4837545,35.10014143,,,２階　総務課,,,
峰山税務署,みねやまぜいむしょ,京丹後市峰山町杉谷147番地12,135.0693272,35.6254342,,,２階　総務課,,,